Pricing Date,823 | Share Price (Daily)(HK$),Gold Price,Treasury 5 years Yield
2/1/2015,,,
2/2/2015,52.7,1271.58,1.19
2/3/2015,51.95,1258.07,1.28
2/4/2015,52.55,1264.57,1.29
2/5/2015,53.05,1261.28,1.3
2/6/2015,52.7,1233.61,1.48
2/7/2015,,,
2/8/2015,,,
2/9/2015,52.1,1241.38,1.49
2/10/2015,51.65,1237.47,1.52
2/11/2015,50.7,1223.74,1.53
2/12/2015,50.15,1223.56,1.5
2/13/2015,50.45,1232.54,1.53
2/14/2015,,,
2/15/2015,,,
2/16/2015,50.25,1231.93,0
2/17/2015,49.7,1207.1,1.62
2/18/2015,50.15,1200.63,1.52
2/19/2015,,1208.78,1.58
2/20/2015,,1206.68,1.61
2/21/2015,,,
2/22/2015,,,
2/23/2015,49.45,1201.88,1.56
2/24/2015,49.55,1198.28,1.47
2/25/2015,50.15,1205.15,1.47
2/26/2015,49.6,1208.36,1.54
2/27/2015,49.5,1216.57,1.5
2/28/2015,,,
3/1/2015,,,
3/2/2015,49.6,1208.76,1.57
3/3/2015,50,1203.19,1.61
3/4/2015,49.15,1202.06,1.6
3/5/2015,48.45,1206.55,1.57
3/6/2015,48.65,1175.47,1.7
3/7/2015,,,
3/8/2015,,,
3/9/2015,47.9,1167.75,1.66
3/10/2015,46.95,1161.5,1.62
3/11/2015,47.8,1151.5,1.6
3/12/2015,47.55,1151.34,1.59
3/13/2015,47.35,1153.57,1.6
3/14/2015,,,
3/15/2015,,,
3/16/2015,47,1153.07,1.57
3/17/2015,47,1148.57,1.56
3/18/2015,46.6,1152.47,1.41
3/19/2015,49,1170.71,1.48
3/20/2015,47.75,1184.75,1.42
3/21/2015,,,
3/22/2015,,,
3/23/2015,47.3,1186.25,1.41
3/24/2015,47.3,1190.65,1.37
3/25/2015,48,1197.35,1.41
3/26/2015,48.3,1206.07,1.47
3/27/2015,48.65,1200.63,1.42
3/28/2015,,,
3/29/2015,,,
3/30/2015,48,1185.79,1.41
3/31/2015,47.8,1187.6,1.37
4/1/2015,48.45,1201.07,1.32
4/2/2015,48.65,1197.25,1.35
4/3/2015,,1197.25,1.26
4/4/2015,,,
4/5/2015,,,
4/6/2015,,1223.96,1.31
4/7/2015,,1213.09,1.32
4/8/2015,49.15,1204.17,1.35
4/9/2015,49.05,1195.5,1.4
4/10/2015,49.7,1207.24,1.41
4/11/2015,,,
4/12/2015,,,
4/13/2015,47.8,1198.95,1.38
4/14/2015,47.4,1197.38,1.34
4/15/2015,47.45,1195.31,1.33
4/16/2015,47.4,1197.96,1.31
4/17/2015,47.05,1204.28,1.31
4/18/2015,,,
4/19/2015,,,
4/20/2015,46.8,1193.59,1.33
4/21/2015,47,1199.09,1.35
4/22/2015,47,1187.9,1.41
4/23/2015,46.65,1192.85,1.37
4/24/2015,47.15,1178.34,1.34
4/25/2015,,,
4/26/2015,,,
4/27/2015,47.05,1201.87,1.36
4/28/2015,47.15,1212.33,1.39
4/29/2015,46.9,1211.3,1.43
4/30/2015,48.15,1180.69,1.43
5/1/2015,,1173.09,1.5
5/2/2015,,,
5/3/2015,,,
5/4/2015,48.75,1189.25,1.51
5/5/2015,48.05,1196.1,1.54
5/6/2015,47.9,1189.5,1.58
5/7/2015,46.65,1183.44,1.55
5/8/2015,47.1,1185.2,1.5
5/9/2015,,,
5/10/2015,,,
5/11/2015,47.05,1184.61,1.59
5/12/2015,46.15,1191.4,1.58
5/13/2015,46.05,1214.35,1.57
5/14/2015,45.75,1221,1.51
5/15/2015,47.05,1221.99,1.46
5/16/2015,,,
5/17/2015,,,
5/18/2015,47.15,1228.05,1.54
5/19/2015,47.05,1208.45,1.6
5/20/2015,46.7,1211.15,1.57
5/21/2015,46.5,1206.38,1.53
5/22/2015,46.15,1206.2,1.57
5/23/2015,,,
5/24/2015,,,
5/25/2015,,1205.84,0
5/26/2015,45.85,1189.34,1.54
5/27/2015,45.9,1186.3,1.53
5/28/2015,44.8,1189.3,1.51
5/29/2015,45,1189.97,1.49
5/30/2015,,,
5/31/2015,,,
6/1/2015,45.4,1195.74,1.55
6/2/2015,45.55,1192.09,1.61
6/3/2015,45.7,1190.8,1.69
6/4/2015,46.05,1174.4,1.65
6/5/2015,45.75,1169.53,1.75
6/6/2015,,,
6/7/2015,,,
6/8/2015,45,1171.05,1.72
6/9/2015,45.4,1177.07,1.74
6/10/2015,45.15,1188.15,1.8
6/11/2015,45.9,1178.4,1.74
6/12/2015,46.25,1182.34,1.75
6/13/2015,,,
6/14/2015,,,
6/15/2015,45.9,1181.69,1.71
6/16/2015,46.4,1178.19,1.68
6/17/2015,46.7,1176.71,1.63
6/18/2015,47.55,1204.35,1.65
6/19/2015,48.2,1200.22,1.59
6/20/2015,,,
6/21/2015,,,
6/22/2015,48.5,1185.02,1.68
6/23/2015,46.4,1178.2,1.71
6/24/2015,46.7,1173.98,1.69
6/25/2015,46.4,1173.68,1.7
6/26/2015,46.25,1171.01,1.75
6/27/2015,,,
6/28/2015,,,
6/29/2015,45.5,1178.94,1.62
6/30/2015,45.4,1169.35,1.63
7/1/2015,,1170.4,1.7
7/2/2015,45.3,1163.4,1.64
7/3/2015,45.8,1167.19,0
7/4/2015,,,
7/5/2015,,,
7/6/2015,45.55,1167.05,1.56
7/7/2015,45.9,1152.65,1.55
7/8/2015,45.1,1160.78,1.5
7/9/2015,44.25,1164.09,1.58
7/10/2015,44.7,1161.2,1.68
7/11/2015,,,
7/12/2015,,,
7/13/2015,45.2,1154.43,1.71
7/14/2015,45.1,1155.55,1.67
7/15/2015,45.4,1146.76,1.63
7/16/2015,45.65,1144.45,1.66
7/17/2015,46.25,1132.32,1.67
7/18/2015,,,
7/19/2015,,,
7/20/2015,45.9,1110.44,1.72
7/21/2015,45.85,1107.65,1.69
7/22/2015,46.1,1092.63,1.69
7/23/2015,45.9,1092.63,1.65
7/24/2015,45.45,1083.9,1.64
7/25/2015,,,
7/26/2015,,,
7/27/2015,44.85,1097.65,1.58
7/28/2015,45.65,1095.24,1.61
7/29/2015,45.45,1095.05,1.62
7/30/2015,44.95,1094.4,1.62
7/31/2015,45.6,1094.3,1.54
8/1/2015,,,
8/2/2015,,,
8/3/2015,44.85,1092.19,1.52
8/4/2015,44.85,1092.59,1.6
8/5/2015,45.15,1085.63,1.65
8/6/2015,44.8,1090.15,1.62
8/7/2015,44.85,1096.85,1.59
8/8/2015,,,
8/9/2015,,,
8/10/2015,44.25,1103.35,1.62
8/11/2015,44.2,1109.67,1.53
8/12/2015,44.3,1123.85,1.52
8/13/2015,44.05,1116.13,1.58
8/14/2015,43.35,1114.88,1.61
8/15/2015,,,
8/16/2015,,,
8/17/2015,42.9,1118.69,1.58
8/18/2015,42.8,1115.99,1.6
8/19/2015,42.55,1128.59,1.5
8/20/2015,41.7,1148.95,1.5
8/21/2015,42.75,1158.05,1.44
8/22/2015,,,
8/23/2015,,,
8/24/2015,42,1160.09,1.39
8/25/2015,42.1,1135,1.48
8/26/2015,41.4,1123.78,1.49
8/27/2015,42.2,1122.99,1.49
8/28/2015,41.7,1135.48,1.52
8/29/2015,,,
8/30/2015,,,
8/31/2015,41.1,1130.69,1.54
9/1/2015,41.25,1140.67,1.49
9/2/2015,41.35,1134.44,1.52
9/3/2015,,1124.13,1.49
9/4/2015,41.05,1120.97,1.47
9/5/2015,,,
9/6/2015,,,
9/7/2015,40.65,1118.55,0
9/8/2015,42.15,1122.69,1.53
9/9/2015,42.65,1110.13,1.53
9/10/2015,41.45,1110.72,1.55
9/11/2015,41.25,1100.3,1.52
9/12/2015,,,
9/13/2015,,,
9/14/2015,41.65,1107.34,1.51
9/15/2015,41.75,1104.57,1.61
9/16/2015,42,1120.74,1.62
9/17/2015,41.75,1118.34,1.5
9/18/2015,42.4,1136.95,1.45
9/19/2015,,,
9/20/2015,,,
9/21/2015,42.85,1132.47,1.51
9/22/2015,43.3,1126.34,1.44
9/23/2015,42.55,1131.38,1.47
9/24/2015,41.9,1154.69,1.44
9/25/2015,42.3,1144.4,1.48
9/26/2015,,,
9/27/2015,,,
9/28/2015,,1133.07,1.42
9/29/2015,41.4,1131.8,1.37
9/30/2015,42.5,1114.34,1.37
10/1/2015,,1115.17,1.37
10/2/2015,42.55,1138.65,1.29
10/3/2015,,,
10/4/2015,,,
10/5/2015,43.3,1135.47,1.35
10/6/2015,43.15,1149.78,1.34
10/7/2015,43.9,1146.93,1.37
10/8/2015,44,1144.59,1.4
10/9/2015,44,1157.55,1.41
10/10/2015,,,
10/11/2015,,,
10/12/2015,44.6,1161.3,0
10/13/2015,44.7,1166.55,1.36
10/14/2015,45.1,1176.8,1.29
10/15/2015,45.7,1185.65,1.34
10/16/2015,45.9,1182.28,1.36
10/17/2015,,,
10/18/2015,,,
10/19/2015,45.95,1171.05,1.35
10/20/2015,45.95,1178.09,1.4
10/21/2015,,1166.13,1.37
10/22/2015,46.3,1168.24,1.36
10/23/2015,47.1,1163.05,1.43
10/24/2015,,,
10/25/2015,,,
10/26/2015,46.85,1166.49,1.41
10/27/2015,46.9,1167.15,1.38
10/28/2015,46.75,1180.18,1.47
10/29/2015,46.5,1150.88,1.53
10/30/2015,46.45,1141.05,1.52
10/31/2015,,,
11/1/2015,,,
11/2/2015,47,1135.34,1.57
11/3/2015,46.85,1123.97,1.59
11/4/2015,47.55,1114.69,1.64
11/5/2015,47.1,1106.84,1.65
11/6/2015,46.5,1087.8,1.73
11/7/2015,,,
11/8/2015,,,
11/9/2015,45.35,1089.55,1.75
11/10/2015,44.85,1090.8,1.72
11/11/2015,45.3,1087.8,0
11/12/2015,47.35,1079.24,1.73
11/13/2015,46.9,1082.4,1.67
11/14/2015,,,
11/15/2015,,,
11/16/2015,46.7,1085.07,1.66
11/17/2015,47.2,1075.09,1.66
11/18/2015,47.15,1068.9,1.69
11/19/2015,48.05,1082.4,1.68
11/20/2015,48.7,1079.34,1.7
11/21/2015,,,
11/22/2015,,,
11/23/2015,48.55,1070.09,1.7
11/24/2015,47.45,1074.94,1.66
11/25/2015,47.25,1072.38,1.66
11/26/2015,46.9,1071.68,0
11/27/2015,47.15,1057.97,1.64
11/28/2015,,,
11/29/2015,,,
11/30/2015,47.15,1063.68,1.65
12/1/2015,47.4,1065.99,1.59
12/2/2015,47.45,1055.8,1.63
12/3/2015,47,1056.4,1.74
12/4/2015,46.7,1084.8,1.71
12/5/2015,,,
12/6/2015,,,
12/7/2015,47.15,1075.82,1.67
12/8/2015,46.65,1074.28,1.68
12/9/2015,46.3,1072.18,1.64
12/10/2015,46.4,1074.78,1.68
12/11/2015,46.4,1076.57,1.56
12/12/2015,,,
12/13/2015,,,
12/14/2015,46.15,1070.43,1.66
12/15/2015,46,1061.43,1.71
12/16/2015,45.9,1074.65,1.75
12/17/2015,45.8,1051.97,1.73
12/18/2015,45.65,1064.57,1.67
12/19/2015,,,
12/20/2015,,,
12/21/2015,45.85,1079.18,1.67
12/22/2015,45.9,1076.18,1.71
12/23/2015,46.45,1069.1,1.74
12/24/2015,46.3,1075.45,1.73
12/25/2015,,1075.45,0
12/26/2015,,,
12/27/2015,,,
12/28/2015,46,1069.74,1.73
12/29/2015,46.2,1068.95,1.81
12/30/2015,46.45,1062.05,1.8
12/31/2015,46.4,1062.38,1.76
1/1/2016,,1062.38,0
1/2/2016,,,
1/3/2016,,,
1/4/2016,45.65,1077.84,1.73
1/5/2016,45.1,1077.84,1.73
1/6/2016,45.25,1089.35,1.65
1/7/2016,44.9,1104.15,1.61
1/8/2016,44.6,1103.18,1.57
1/9/2016,,,
1/10/2016,,,
1/11/2016,44.05,1101.28,1.58
1/12/2016,44.25,1089.05,1.55
1/13/2016,45.25,1090.18,1.51
1/14/2016,44.85,1082.34,1.52
1/15/2016,44.85,1090.15,1.46
1/16/2016,,,
1/17/2016,,,
1/18/2016,44.05,1089.15,0
1/19/2016,45,1086.15,1.49
1/20/2016,43,1102.18,1.44
1/21/2016,42.6,1093.94,1.44
1/22/2016,43.75,1100.42,1.49
1/23/2016,,,
1/24/2016,,,
1/25/2016,43.85,1105.55,1.47
1/26/2016,44,1117.38,1.45
1/27/2016,43.65,1115.94,1.43
1/28/2016,43.35,1116.65,1.4
1/29/2016,44.35,1117.15,1.33
1/30/2016,,,
1/31/2016,,,
2/1/2016,43.75,1126.75,1.38
2/2/2016,44.2,1126.97,1.28
2/3/2016,43.25,1139.1,1.27
2/4/2016,43,1153.99,1.25
2/5/2016,43,1154.5,1.25
2/6/2016,,,
2/7/2016,,,
2/8/2016,,1197.44,1.16
2/9/2016,,1193.07,1.15
2/10/2016,,1191.74,1.15
2/11/2016,42.6,1248.07,1.11
2/12/2016,42.95,1233.78,1.2
2/13/2016,,,
2/14/2016,,,
2/15/2016,43.7,1205.38,0
2/16/2016,43,1215.4,1.23
2/17/2016,43,1212.28,1.26
2/18/2016,43.55,1217.38,1.21
2/19/2016,43.3,1232.03,1.24
2/20/2016,,,
2/21/2016,,,
2/22/2016,43,1209.78,1.25
2/23/2016,42.7,1225.28,1.23
2/24/2016,43,1248.4,1.21
2/25/2016,42.95,1238.3,1.16
2/26/2016,43.45,1215.57,1.23
2/27/2016,,,
2/28/2016,,,
2/29/2016,43.85,1232.88,1.22
3/1/2016,44.45,1233.38,1.31
3/2/2016,44.5,1235.4,1.34
3/3/2016,44.2,1256.44,1.33
3/4/2016,44.35,1271.05,1.38
3/5/2016,,,
3/6/2016,,,
3/7/2016,44.2,1267.88,1.42
3/8/2016,44.1,1269.07,1.34
3/9/2016,44.35,1256.8,1.39
3/10/2016,44.35,1266.32,1.45
3/11/2016,43.95,1258.28,1.49
3/12/2016,,,
3/13/2016,,,
3/14/2016,44.7,1242.72,1.49
3/15/2016,44.85,1232.47,1.5
3/16/2016,45.45,1229.53,1.41
3/17/2016,46.75,1263.4,1.39
3/18/2016,46.75,1253.55,1.34
3/19/2016,,,
3/20/2016,,,
3/21/2016,46.8,1246.09,1.38
3/22/2016,46.3,1252.28,1.42
3/23/2016,45.5,1223.38,1.37
3/24/2016,44.85,1220.55,1.39
3/25/2016,,1220.55,0
3/26/2016,,,
3/27/2016,,,
3/28/2016,,1220.24,1.37
3/29/2016,45.65,1226.28,1.29
3/30/2016,46.4,1226.74,1.26
3/31/2016,46,1234.34,1.21
4/1/2016,45.65,1212.38,1.24
4/2/2016,,,
4/3/2016,,,
4/4/2016,,1218.55,1.22
4/5/2016,45.5,1229.34,1.17
4/6/2016,45.8,1222.22,1.2
4/7/2016,45.55,1240.28,1.14
4/8/2016,46.05,1241.57,1.16
4/9/2016,,,
4/10/2016,,,
4/11/2016,46.55,1257.57,1.16
4/12/2016,46.75,1254.38,1.22
4/13/2016,47.5,1247.38,1.22
4/14/2016,47,1230.84,1.26
4/15/2016,47.3,1229.88,1.22
4/16/2016,,,
4/17/2016,,,
4/18/2016,47.2,1234.99,1.24
4/19/2016,47.8,1254.19,1.26
4/20/2016,47.7,1254.82,1.32
4/21/2016,48.25,1250.07,1.35
4/22/2016,48.2,1241.59,1.37
4/23/2016,,,
4/24/2016,,,
4/25/2016,48.2,1240.6,1.38
4/26/2016,48.75,1241.61,1.4
4/27/2016,48,1248.07,1.33
4/28/2016,48.1,1260.69,1.28
4/29/2016,47.15,1292.34,1.28
4/30/2016,,,
5/1/2016,,,
5/2/2016,,1294.34,1.32
5/3/2016,46.65,1285.5,1.25
5/4/2016,46.7,1281.84,1.23
5/5/2016,47.05,1274.68,1.2
5/6/2016,46.1,1290.38,1.23
5/7/2016,,,
5/8/2016,,,
5/9/2016,47.05,1265.97,1.2
5/10/2016,47.2,1261.18,1.2
5/11/2016,46.4,1274.68,1.2
5/12/2016,47.3,1267.68,1.24
5/13/2016,46.8,1270.99,1.22
5/14/2016,,,
5/15/2016,,,
5/16/2016,46.8,1275.4,1.26
5/17/2016,46.95,1279.47,1.29
5/18/2016,46.55,1271.28,1.41
5/19/2016,45.8,1249.49,1.38
5/20/2016,47.05,1252.68,1.38
5/21/2016,,,
5/22/2016,,,
5/23/2016,46.4,1248.18,1.38
5/24/2016,46.45,1234.62,1.41
5/25/2016,47.25,1222.24,1.4
5/26/2016,47.2,1222.85,1.35
5/27/2016,46.85,1211.9,1.39
5/28/2016,,,
5/29/2016,,,
5/30/2016,47.15,1206.44,0
5/31/2016,47.75,1214.28,1.37
6/1/2016,47.1,1210.07,1.39
6/2/2016,46.8,1210.55,1.36
6/3/2016,48.1,1239.88,1.23
6/4/2016,,,
6/5/2016,,,
6/6/2016,48.5,1245.6,1.25
6/7/2016,49.25,1241.38,1.23
6/8/2016,49.65,1259.49,1.23
6/9/2016,,1269.65,1.22
6/10/2016,50.75,1273.59,1.17
6/11/2016,,,
6/12/2016,,,
6/13/2016,51.05,1282.07,1.14
6/14/2016,49.9,1285.88,1.15
6/15/2016,50.85,1283.38,1.1
6/16/2016,50.45,1310.47,1.1
6/17/2016,50.9,1287.05,1.13
6/18/2016,,,
6/19/2016,,,
6/20/2016,50.9,1285.38,1.17
6/21/2016,50.55,1270.55,1.22
6/22/2016,49.6,1266.97,1.2
6/23/2016,49.5,1263.69,1.25
6/24/2016,49.7,1313.88,1.08
6/25/2016,,,
6/26/2016,,,
6/27/2016,51.65,1323.62,1
6/28/2016,52.4,1311.84,1
6/29/2016,53.95,1323.38,1.03
6/30/2016,52.8,1321.07,1.01
7/1/2016,,1335.97,1
7/2/2016,,,
7/3/2016,,,
7/4/2016,53.9,1351.1,0
7/5/2016,53.35,1345.34,0.94
7/6/2016,52.65,1368.74,0.95
7/7/2016,53.4,1356.83,0.97
7/8/2016,53.7,1355.69,0.95
7/9/2016,,,
7/10/2016,,,
7/11/2016,54.2,1359.57,1.03
7/12/2016,56.05,1342.44,1.1
7/13/2016,55.5,1340.28,1.07
7/14/2016,55.65,1329.41,1.1
7/15/2016,55.65,1327.57,1.15
7/16/2016,,,
7/17/2016,,,
7/18/2016,56,1329.56,1.14
7/19/2016,56.05,1330.74,1.12
7/20/2016,56.8,1318.23,1.15
7/21/2016,57.15,1322.53,1.11
7/22/2016,57,1320.71,1.13
7/23/2016,,,
7/24/2016,,,
7/25/2016,57.2,1317.78,1.15
7/26/2016,57.25,1320.47,1.15
7/27/2016,57.25,1328.07,1.1
7/28/2016,58.3,1337.79,1.09
7/29/2016,57.9,1349.09,1.03
7/30/2016,,,
7/31/2016,,,
8/1/2016,56.8,1349.98,1.06
8/2/2016,,1367.38,1.07
8/3/2016,55.25,1357.29,1.07
8/4/2016,54.65,1363.4,1.03
8/5/2016,56.8,1339.5,1.13
8/6/2016,,,
8/7/2016,,,
8/8/2016,57,1335.57,1.15
8/9/2016,55.65,1340.08,1.11
8/10/2016,56.15,1344.7,1.07
8/11/2016,55.5,1352.57,1.16
8/12/2016,54.9,1353.43,1.1
8/13/2016,,,
8/14/2016,,,
8/15/2016,54.75,1342.06,1.14
8/16/2016,56,1348.07,1.16
8/17/2016,55.8,1346.22,1.15
8/18/2016,56.1,1349.8,1.12
8/19/2016,56.5,1345.42,1.17
8/20/2016,,,
8/21/2016,,,
8/22/2016,56.5,1338.71,1.15
8/23/2016,57.25,1339.69,1.15
8/24/2016,56.15,1327.49,1.13
8/25/2016,56.95,1323.07,1.16
8/26/2016,56.5,1334.07,1.23
8/27/2016,,,
8/28/2016,,,
8/29/2016,55.7,1322.42,1.18
8/30/2016,55.7,1318.11,1.18
8/31/2016,56.4,1307.93,1.19
9/1/2016,56.65,1312.72,1.18
9/2/2016,56.45,1318.55,1.2
9/3/2016,,,
9/4/2016,,,
9/5/2016,57.25,1326.67,0
9/6/2016,56.7,1340.74,1.13
9/7/2016,57.25,1344.94,1.12
9/8/2016,57.65,1344.34,1.19
9/9/2016,57.4,1333.94,1.23
9/10/2016,,,
9/11/2016,,,
9/12/2016,56,1324.57,1.21
9/13/2016,55.75,1324.95,1.26
9/14/2016,55.1,1323.45,1.21
9/15/2016,55.8,1319.88,1.2
9/16/2016,,1311.22,1.21
9/17/2016,,,
9/18/2016,,,
9/19/2016,55.8,1313.41,1.22
9/20/2016,56.3,1315.31,1.2
9/21/2016,55.35,1325.9,1.2
9/22/2016,56.85,1339.53,1.18
9/23/2016,56.85,1339.71,1.16
9/24/2016,,,
9/25/2016,,,
9/26/2016,56.3,1341.19,1.13
9/27/2016,57.2,1327.15,1.12
9/28/2016,57.5,1319.86,1.13
9/29/2016,57.05,1317.4,1.12
9/30/2016,57,1321.51,1.14
10/1/2016,,,
10/2/2016,,,
10/3/2016,57.9,1311.74,1.18
10/4/2016,58,1283.52,1.22
10/5/2016,56.75,1269.72,1.26
10/6/2016,56.45,1251.44,1.28
10/7/2016,56.3,1253.36,1.26
10/8/2016,,,
10/9/2016,,,
10/10/2016,,1259.81,0
10/11/2016,55,1256.73,1.3
10/12/2016,54.45,1251.91,1.31
10/13/2016,55.3,1257.76,1.27
10/14/2016,56,1253.45,1.28
10/15/2016,,,
10/16/2016,,,
10/17/2016,55.7,1256.66,1.26
10/18/2016,56.55,1261.74,1.24
10/19/2016,56.05,1272.15,1.24
10/20/2016,55.7,1266.51,1.26
10/21/2016,,1266.05,1.25
10/22/2016,,,
10/23/2016,,,
10/24/2016,56.55,1261.59,1.27
10/25/2016,56.5,1272.55,1.29
10/26/2016,56.2,1268.58,1.3
10/27/2016,56.05,1268.47,1.33
10/28/2016,55,1270.03,1.33
10/29/2016,,,
10/30/2016,,,
10/31/2016,55.3,1273.88,1.31
11/1/2016,55.55,1288.8,1.3
11/2/2016,54.75,1304.91,1.26
11/3/2016,55.2,1298.72,1.26
11/4/2016,54.55,1303.82,1.24
11/5/2016,,,
11/6/2016,,,
11/7/2016,54.75,1280.9,1.29
11/8/2016,54.8,1281.09,1.34
11/9/2016,54.85,1288.9,1.49
11/10/2016,54.85,1265.38,1.56
11/11/2016,53.1,1228.5,0
11/12/2016,,,
11/13/2016,,,
11/14/2016,51.8,1215.63,1.66
11/15/2016,52.15,1225.29,1.68
11/16/2016,51.3,1225.91,1.68
11/17/2016,52.55,1228,1.73
11/18/2016,52.85,1207.53,1.8
11/19/2016,,,
11/20/2016,,,
11/21/2016,52.85,1213.97,1.79
11/22/2016,52.05,1209.69,1.77
11/23/2016,52.1,1187.31,1.83
11/24/2016,52.45,1186.05,0
11/25/2016,52.2,1184.53,1.83
11/26/2016,,,
11/27/2016,,,
11/28/2016,52.65,1191.87,1.8
11/29/2016,52.9,1185.88,1.78
11/30/2016,53.4,1173.76,1.83
12/1/2016,52.8,1167.89,1.9
12/2/2016,52.65,1175,1.84
12/3/2016,,,
12/4/2016,,,
12/5/2016,52.65,1163.88,1.84
12/6/2016,52.85,1171.23,1.84
12/7/2016,53.75,1176.94,1.8
12/8/2016,53.9,1170.52,1.83
12/9/2016,54.2,1162.9,1.89
12/10/2016,,,
12/11/2016,,,
12/12/2016,53.6,1159.52,1.9
12/13/2016,52.65,1159.75,1.92
12/14/2016,52.5,1163.43,2.02
12/15/2016,50.4,1126.52,2.1
12/16/2016,50.2,1131.56,2.07
12/17/2016,,,
12/18/2016,,,
12/19/2016,50.15,1139.66,2.03
12/20/2016,50.15,1127.47,2.06
12/21/2016,50,1131.86,2.04
12/22/2016,49.5,1132.5,2.04
12/23/2016,49.2,1133.5,2.04
12/24/2016,,,
12/25/2016,,,
12/26/2016,,1133.5,0
12/27/2016,,1136.73,2.07
12/28/2016,49,1139.03,2.02
12/29/2016,49.8,1146.59,1.96
12/30/2016,50.4,1157.49,1.93
12/31/2016,,,
1/1/2017,,,
1/2/2017,,1157.49,0
1/3/2017,50.9,1156.11,1.94
1/4/2017,51.05,1164.57,1.94
1/5/2017,52.5,1183.56,1.86
1/6/2017,52.95,1174.35,1.92
1/7/2017,,,
1/8/2017,,,
1/9/2017,52.6,1179.84,1.89
1/10/2017,53.3,1188.08,1.89
1/11/2017,53.2,1179.73,1.89
1/12/2017,52.45,1203.63,1.87
1/13/2017,52.35,1194.8,1.9
1/14/2017,,,
1/15/2017,,,
1/16/2017,52.05,1202.46,0
1/17/2017,52.2,1215.3,1.84
1/18/2017,52.3,1215.48,1.93
1/19/2017,51.9,1201.54,1.97
1/20/2017,51.8,1202.07,1.95
1/21/2017,,,
1/22/2017,,,
1/23/2017,51.9,1216.39,1.88
1/24/2017,52.15,1213.23,1.94
1/25/2017,52.05,1197.34,1.99
1/26/2017,53,1187.13,1.95
1/27/2017,53.15,1188.74,1.94
1/28/2017,,,
1/29/2017,,,
1/30/2017,,1196.19,1.94
1/31/2017,,1211.49,1.9
2/1/2017,53.15,1202.92,1.93
2/2/2017,52.9,1217.06,1.92
2/3/2017,52.9,1217.97,1.93
2/4/2017,,,
2/5/2017,,,
2/6/2017,53.1,1228.9,1.86
2/7/2017,53.15,1234.01,1.85
2/8/2017,54.25,1241.19,1.81
2/9/2017,53.85,1234.82,1.88
2/10/2017,54.05,1231.31,1.89
2/11/2017,,,
2/12/2017,,,
2/13/2017,53.45,1223.19,1.92
2/14/2017,53.3,1226.18,1.98
2/15/2017,53,1227.39,2.01
2/16/2017,53.05,1242.19,1.95
2/17/2017,53.05,1237.68,1.92
2/18/2017,,,
2/19/2017,,,
2/20/2017,52.9,1237.74,0
2/21/2017,53.35,1234.68,1.93
2/22/2017,53.5,1233.57,1.92
2/23/2017,53.25,1249.23,1.87
2/24/2017,54,1255.34,1.8
2/25/2017,,,
2/26/2017,,,
2/27/2017,54.25,1262.24,1.87
2/28/2017,53.55,1256.64,1.89
3/1/2017,53.6,1245.18,1.99
3/2/2017,53,1241.78,2.03
3/3/2017,52.35,1224.99,2.02
3/4/2017,,,
3/5/2017,,,
3/6/2017,52.3,1227.48,2.02
3/7/2017,51.95,1218.9,2.05
3/8/2017,52.15,1208.09,2.08
3/9/2017,51.35,1202.59,2.13
3/10/2017,51.3,1200.3,2.11
3/11/2017,,,
3/12/2017,,,
3/13/2017,51.15,1205.47,2.14
3/14/2017,51.25,1205.6,2.13
3/15/2017,50.95,1200.04,2.02
3/16/2017,52.4,1229.15,2.05
3/17/2017,52.35,1229.38,2.03
3/18/2017,,,
3/19/2017,,,
3/20/2017,52.8,1234.16,2
3/21/2017,52.7,1243.28,1.96
3/22/2017,52.85,1249.08,1.95
3/23/2017,53,1243.82,1.95
3/24/2017,52.95,1248.59,1.93
3/25/2017,,,
3/26/2017,,,
3/27/2017,53.15,1255.84,1.93
3/28/2017,53.9,1255.28,1.97
3/29/2017,54.1,1252.41,1.93
3/30/2017,54.25,1249.81,1.96
3/31/2017,54.45,1247.25,1.93
4/1/2017,,,
4/2/2017,,,
4/3/2017,55,1253.4,1.88
4/4/2017,,1256.81,1.88
4/5/2017,56.1,1248.05,1.85
4/6/2017,55.7,1252.07,1.87
4/7/2017,56.1,1265.7,1.92
4/8/2017,,,
4/9/2017,,,
4/10/2017,55.3,1251.91,1.91
4/11/2017,55.6,1272.17,1.84
4/12/2017,56.5,1275.38,1.81
4/13/2017,55.8,1285.59,1.77
4/14/2017,,1285.59,0
4/15/2017,,,
4/16/2017,,,
4/17/2017,,1290.87,1.79
4/18/2017,55,1287.53,1.71
4/19/2017,55.5,1280.8,1.74
4/20/2017,56,1282.53,1.78
4/21/2017,55.85,1285.89,1.77
4/22/2017,,,
4/23/2017,,,
4/24/2017,55.9,1273.57,1.81
4/25/2017,56.25,1268.07,1.87
4/26/2017,56.35,1264.28,1.84
4/27/2017,55.95,1265.22,1.81
4/28/2017,55.95,1267.86,1.81
4/29/2017,,,
4/30/2017,,,
5/1/2017,,1263.15,1.84
5/2/2017,55.85,1254.62,1.81
5/3/2017,,1249.04,1.86
5/4/2017,56.1,1229.69,1.88
5/5/2017,55.7,1227.71,1.89
5/6/2017,,,
5/7/2017,,,
5/8/2017,56.3,1228.74,1.91
5/9/2017,56.6,1217.79,1.94
5/10/2017,56.2,1221.19,1.94
5/11/2017,57.35,1224.45,1.93
5/12/2017,58.1,1229.69,1.85
5/13/2017,,,
5/14/2017,,,
5/15/2017,58.1,1234.2,1.86
5/16/2017,58.2,1237.44,1.86
5/17/2017,59.15,1257.9,1.76
5/18/2017,58.2,1253.8,1.78
5/19/2017,58.4,1253.47,1.79
5/20/2017,,,
5/21/2017,,,
5/22/2017,58.3,1260.24,1.8
5/23/2017,58.1,1260.28,1.84
5/24/2017,59,1253.26,1.79
5/25/2017,59.95,1256.49,1.78
5/26/2017,60.15,1267.52,1.79
5/27/2017,,,
5/28/2017,,,
5/29/2017,61.5,1267.45,0
5/30/2017,,1262.54,1.76
5/31/2017,61.5,1267.97,1.75
6/1/2017,61.75,1263.99,1.76
6/2/2017,62,1278.28,1.71
6/3/2017,,,
6/4/2017,,,
6/5/2017,61.95,1280.69,1.74
6/6/2017,61.65,1295.28,1.71
6/7/2017,61.65,1293.47,1.74
6/8/2017,62.6,1276.28,1.75
6/9/2017,63.25,1266.31,1.77
6/10/2017,,,
6/11/2017,,,
6/12/2017,62.4,1265.58,1.78
6/13/2017,63.35,1263.72,1.79
6/14/2017,63.6,1276.55,1.74
6/15/2017,62.95,1254.78,1.76
6/16/2017,62.75,1255.59,1.75
6/17/2017,,,
6/18/2017,,,
6/19/2017,63.2,1248.82,1.8
6/20/2017,60.7,1242.84,1.77
6/21/2017,61.4,1246.4,1.78
6/22/2017,61.15,1250.86,1.76
6/23/2017,60.45,1256.37,1.77
6/24/2017,,,
6/25/2017,,,
6/26/2017,60.7,1244.72,1.77
6/27/2017,60.25,1247.41,1.83
6/28/2017,59.65,1250.19,1.81
6/29/2017,59.9,1243.92,1.85
6/30/2017,59.4,1243.47,1.89
7/1/2017,,,
7/2/2017,,,
7/3/2017,59,1222.73,1.93
7/4/2017,58.85,1223.23,0
7/5/2017,58.95,1221.69,1.92
7/6/2017,59.3,1223.56,1.94
7/7/2017,58.9,1210.29,1.95
7/8/2017,,,
7/9/2017,,,
7/10/2017,60.85,1212.9,1.93
7/11/2017,60.3,1210.74,1.92
7/12/2017,60.25,1221.89,1.88
7/13/2017,60.45,1218.07,1.89
7/14/2017,60.95,1227.67,1.87
7/15/2017,,,
7/16/2017,,,
7/17/2017,61.2,1233.65,1.86
7/18/2017,61.65,1242.01,1.82
7/19/2017,61.55,1242.22,1.83
7/20/2017,61.15,1246.09,1.82
7/21/2017,61.25,1251.66,1.81
7/22/2017,,,
7/23/2017,,,
7/24/2017,61.9,1255.77,1.83
7/25/2017,61.5,1250.58,1.9
7/26/2017,61,1248.2,1.83
7/27/2017,62.75,1259.36,1.84
7/28/2017,63.9,1267.82,1.83
7/29/2017,,,
7/30/2017,,,
7/31/2017,63.5,1268.85,1.84
8/1/2017,63.6,1272.47,1.8
8/2/2017,63.75,1270.23,1.82
8/3/2017,63.6,1268.94,1.79
8/4/2017,63.9,1257.75,1.82
8/5/2017,,,
8/6/2017,,,
8/7/2017,63.65,1258.57,1.81
8/8/2017,63.45,1254.38,1.84
8/9/2017,63.25,1272.85,1.81
8/10/2017,62.95,1285.7,1.78
8/11/2017,62.5,1287.38,1.74
8/12/2017,,,
8/13/2017,,,
8/14/2017,63.15,1284.33,1.77
8/15/2017,63.1,1271.19,1.83
8/16/2017,63.5,1274.26,1.79
8/17/2017,63.3,1284.53,1.76
8/18/2017,63.1,1295.8,1.77
8/19/2017,,,
8/20/2017,,,
8/21/2017,63,1291.7,1.76
8/22/2017,63.45,1287.32,1.8
8/23/2017,,1289.3,1.76
8/24/2017,63.5,1287.34,1.78
8/25/2017,63.7,1292.94,1.77
8/26/2017,,,
8/27/2017,,,
8/28/2017,63.4,1307.24,1.74
8/29/2017,63.6,1317.06,1.7
8/30/2017,63.9,1308.73,1.72
8/31/2017,64.6,1316.02,1.7
9/1/2017,64.65,1321.86,1.73
9/2/2017,,,
9/3/2017,,,
9/4/2017,64.1,1335.69,0
9/5/2017,64.6,1336.54,1.65
9/6/2017,64.5,1340.82,1.69
9/7/2017,64.1,1347.38,1.63
9/8/2017,64.7,1345.93,1.64
9/9/2017,,,
9/10/2017,,,
9/11/2017,64.7,1335.27,1.71
9/12/2017,64.85,1326.59,1.75
9/13/2017,64.8,1323.07,1.78
9/14/2017,64.05,1325.17,1.79
9/15/2017,64.7,1322.07,1.81
9/16/2017,,,
9/17/2017,,,
9/18/2017,65.15,1309.22,1.83
9/19/2017,64.5,1308.64,1.84
9/20/2017,63.85,1312.78,1.89
9/21/2017,63.65,1291.75,1.89
9/22/2017,63.35,1296.03,1.88
9/23/2017,,,
9/24/2017,,,
9/25/2017,62.55,1305.13,1.85
9/26/2017,62.35,1301.27,1.87
9/27/2017,63,1287.68,1.91
9/28/2017,62.8,1285.1,1.89
9/29/2017,63.3,1283.83,1.92
9/30/2017,,,
10/1/2017,,,
10/2/2017,,1273.71,1.94
10/3/2017,63.6,1274.16,1.92
10/4/2017,64.25,1274.88,1.92
10/5/2017,,1273.46,1.94
10/6/2017,63.55,1271.67,1.97
10/7/2017,,,
10/8/2017,,,
10/9/2017,63.9,1281.86,0
10/10/2017,63.75,1292.88,1.95
10/11/2017,63.75,1288.57,1.95
10/12/2017,63.5,1292.91,1.95
10/13/2017,63.65,1299.57,1.91
10/14/2017,,,
10/15/2017,,,
10/16/2017,63.85,1303.8,1.95
10/17/2017,64.25,1282.57,1.97
10/18/2017,64.5,1280.47,1.99
10/19/2017,64.55,1288.49,1.98
10/20/2017,66.4,1282.44,2.03
10/21/2017,,,
10/22/2017,,,
10/23/2017,66.6,1274.89,2.01
10/24/2017,66,1275.03,2.05
10/25/2017,65.75,1276.4,2.06
10/26/2017,66.35,1272.57,2.07
10/27/2017,66.55,1269.69,2.03
10/28/2017,,,
10/29/2017,,,
10/30/2017,65.8,1276.03,2
10/31/2017,65.55,1269.46,2.01
11/1/2017,64.35,1276.71,2.01
11/2/2017,64,1276.47,2
11/3/2017,65.1,1267.8,1.99
11/4/2017,,,
11/5/2017,,,
11/6/2017,64.65,1273.85,1.99
11/7/2017,66.4,1274.45,1.99
11/8/2017,66.4,1285.17,2.01
11/9/2017,69.1,1284.11,2.01
11/10/2017,68.85,1276.33,2.06
11/11/2017,,,
11/12/2017,,,
11/13/2017,68.6,1279.04,2.08
11/14/2017,68.75,1279.27,2.06
11/15/2017,68.7,1278.63,2.04
11/16/2017,68.4,1280.3,2.07
11/17/2017,69.2,1287.7,2.06
11/18/2017,,,
11/19/2017,,,
11/20/2017,69.4,1285.65,2.09
11/21/2017,68.55,1282.48,2.11
11/22/2017,68.15,1289.44,2.05
11/23/2017,68.85,1291.09,0
11/24/2017,69.7,1288.83,2.07
11/25/2017,,,
11/26/2017,,,
11/27/2017,69.5,1296.17,2.06
11/28/2017,70,1294.35,2.07
11/29/2017,70.35,1284.12,2.09
11/30/2017,69.65,1279.13,2.14
12/1/2017,70,1282.96,2.13
12/2/2017,,,
12/3/2017,,,
12/4/2017,69.6,1274.97,2.15
12/5/2017,69.35,1263.72,2.15
12/6/2017,69.35,1263.27,2.11
12/7/2017,69.1,1254.2,2.14
12/8/2017,69.8,1248.06,2.14
12/9/2017,,,
12/10/2017,,,
12/11/2017,69.9,1247.77,2.16
12/12/2017,71.4,1237.65,2.18
12/13/2017,69.85,1247.38,2.12
12/14/2017,69.5,1253.09,2.14
12/15/2017,69.6,1254.69,2.16
12/16/2017,,,
12/17/2017,,,
12/18/2017,70.15,1262.94,2.17
12/19/2017,71.05,1260.36,2.23
12/20/2017,71.4,1264.69,2.24
12/21/2017,70.6,1265.9,2.26
12/22/2017,71.4,1274.29,2.26
12/23/2017,,,
12/24/2017,,,
12/25/2017,,1274.29,0
12/26/2017,,1282.51,2.25
12/27/2017,72,1286.08,2.22
12/28/2017,72.9,1294.09,2.23
12/29/2017,72.45,1303.46,2.2
12/30/2017,,,
12/31/2017,,,
1/1/2018,,1303.46,0
1/2/2018,73.2,1313.1,2.25
1/3/2018,73.65,1316.26,2.25
1/4/2018,73.5,1317.88,2.27
1/5/2018,74,1319.36,2.29
1/6/2018,,,
1/7/2018,,,
1/8/2018,73.4,1318.87,2.29
1/9/2018,74.25,1311.35,2.33
1/10/2018,72.05,1318.91,2.32
1/11/2018,71.25,1321.05,2.32
1/12/2018,70.45,1331.02,2.35
1/13/2018,,,
1/14/2018,,,
1/15/2018,70.6,1340.92,0
1/16/2018,70.5,1335.11,2.36
1/17/2018,70.75,1335.69,2.39
1/18/2018,70.6,1329.41,2.43
1/19/2018,70.8,1333.45,2.45
1/20/2018,,,
1/21/2018,,,
1/22/2018,70.5,1333.88,2.46
1/23/2018,71.6,1337.31,2.43
1/24/2018,71,1352.7,2.43
1/25/2018,70.45,1359.26,2.41
1/26/2018,70.5,1352.59,2.47
1/27/2018,,,
1/28/2018,,,
1/29/2018,69.95,1338.4,2.49
1/30/2018,69.25,1340.35,2.51
1/31/2018,69.2,1341.67,2.52
2/1/2018,69.05,1342.98,2.56
2/2/2018,68,1330.58,2.58
2/3/2018,,,
2/4/2018,,,
2/5/2018,67.15,1334.99,2.5
2/6/2018,66.15,1327.41,2.52
2/7/2018,66.2,1322.45,2.57
2/8/2018,66.1,1316.11,2.57
2/9/2018,65.1,1313.27,2.52
2/10/2018,,,
2/11/2018,,,
2/12/2018,66,1324.74,2.56
2/13/2018,65.5,1329.63,2.54
2/14/2018,65.45,1347.82,2.65
2/15/2018,64.7,1351.7,2.65
2/16/2018,,1356.19,2.63
2/17/2018,,,
2/18/2018,,,
2/19/2018,,1348.06,0
2/20/2018,65,1336.31,2.65
2/21/2018,65.55,1329.86,2.69
2/22/2018,65,1329.14,2.66
2/23/2018,65.2,1328.38,2.62
2/24/2018,,,
2/25/2018,,,
2/26/2018,67.25,1332.78,2.6
2/27/2018,67.5,1318.45,2.67
2/28/2018,66.9,1319.34,2.65
3/1/2018,68.65,1305.33,2.58
3/2/2018,68.8,1320.07,2.63
3/3/2018,,,
3/4/2018,,,
3/5/2018,67.05,1321.07,2.65
3/6/2018,66.75,1338.19,2.65
3/7/2018,66.35,1326.31,2.65
3/8/2018,68,1321.43,2.63
3/9/2018,67.45,1321.86,2.65
3/10/2018,,,
3/11/2018,,,
3/12/2018,68.05,1318.84,2.64
3/13/2018,68.5,1326.04,2.62
3/14/2018,68.5,1324.94,2.61
3/15/2018,68.8,1316.61,2.62
3/16/2018,68.7,1314.49,2.65
3/17/2018,,,
3/18/2018,,,
3/19/2018,69.2,1319.17,2.65
3/20/2018,68.2,1312.69,2.69
3/21/2018,68.1,1324.46,2.69
3/22/2018,68.25,1327.32,2.63
3/23/2018,67.8,1348.55,2.61
3/24/2018,,,
3/25/2018,,,
3/26/2018,67.4,1355.32,2.64
3/27/2018,67.8,1342.83,2.58
3/28/2018,67.3,1330.33,2.59
3/29/2018,67,1323.43,2.56
3/30/2018,,1323.43,0
3/31/2018,,,
4/1/2018,,,
4/2/2018,,1338.8,2.55
4/3/2018,66.7,1330.16,2.6
4/4/2018,65.8,1337.16,2.61
4/5/2018,,1325.34,2.64
4/6/2018,66.8,1332.39,2.58
4/7/2018,,,
4/8/2018,,,
4/9/2018,68.15,1333.76,2.6
4/10/2018,68.2,1339.3,2.62
4/11/2018,67.95,1358.84,2.62
4/12/2018,68.3,1338.49,2.67
4/13/2018,68.1,1345.54,2.67
4/14/2018,,,
4/15/2018,,,
4/16/2018,67.7,1349.18,2.69
4/17/2018,68.7,1343.67,2.68
4/18/2018,68.75,1351.67,2.73
4/19/2018,69.4,1345.3,2.77
4/20/2018,68.35,1338.58,2.8
4/21/2018,,,
4/22/2018,,,
4/23/2018,67.5,1324.32,2.83
4/24/2018,67.4,1328.4,2.83
4/25/2018,66.95,1320.48,2.84
4/26/2018,66.6,1317.67,2.82
4/27/2018,67.5,1322.49,2.8
4/28/2018,,,
4/29/2018,,,
4/30/2018,69.6,1313.18,2.79
5/1/2018,,1304.05,2.82
5/2/2018,68.45,1306.41,2.8
5/3/2018,67.4,1313.89,2.78
5/4/2018,67,1310.91,2.78
5/5/2018,,,
5/6/2018,,,
5/7/2018,66.5,1315.2,2.78
5/8/2018,66.55,1307.8,2.81
5/9/2018,67,1315,2.84
5/10/2018,66.95,1317.36,2.83
5/11/2018,67.65,1321.46,2.84
5/12/2018,,,
5/13/2018,,,
5/14/2018,68.65,1319.34,2.85
5/15/2018,68.3,1294,2.92
5/16/2018,67.75,1288.62,2.94
5/17/2018,67.35,1288.43,2.94
5/18/2018,67.35,1291.89,2.9
5/19/2018,,,
5/20/2018,,,
5/21/2018,68.8,1288.69,2.9
5/22/2018,,1292.6,2.9
5/23/2018,69.35,1293.94,2.83
5/24/2018,70.1,1304.85,2.82
5/25/2018,69.75,1303.76,2.76
5/26/2018,,,
5/27/2018,,,
5/28/2018,70,1299.1,0
5/29/2018,69.5,1302.01,2.58
5/30/2018,68.95,1301.83,2.67
5/31/2018,69.4,1304.08,2.68
6/1/2018,70.4,1298.25,2.74
6/2/2018,,,
6/3/2018,,,
6/4/2018,72.4,1293.47,2.78
6/5/2018,72.9,1295.34,2.76
6/6/2018,72.4,1299.28,2.81
6/7/2018,73.65,1297.88,2.77
6/8/2018,73.3,1297.79,2.77
6/9/2018,,,
6/10/2018,,,
6/11/2018,73.5,1300.92,2.8
6/12/2018,73,1298.94,2.81
6/13/2018,71.05,1298.07,2.85
6/14/2018,71.4,1305.6,2.81
6/15/2018,71.55,1281.08,2.81
6/16/2018,,,
6/17/2018,,,
6/18/2018,,1278.74,2.8
6/19/2018,70.95,1274.06,2.77
6/20/2018,70.75,1274.19,2.8
6/21/2018,69.45,1268.15,2.77
6/22/2018,70,1269.52,2.77
6/23/2018,,,
6/24/2018,,,
6/25/2018,70.55,1266.33,2.75
6/26/2018,71.25,1260.82,2.75
6/27/2018,70.5,1255.49,2.71
6/28/2018,71,1249.94,2.73
6/29/2018,71.65,1251.13,2.73
6/30/2018,,,
7/1/2018,,,
7/2/2018,,1246.32,2.75
7/3/2018,72.15,1254.68,2.72
7/4/2018,72.05,1256,0
7/5/2018,72.4,1258.19,2.74
7/6/2018,74,1254.84,2.71
7/7/2018,,,
7/8/2018,,,
7/9/2018,75.5,1261.56,2.75
7/10/2018,74.2,1254.45,2.77
7/11/2018,73.65,1246.32,2.74
7/12/2018,74.95,1247.32,2.75
7/13/2018,75.45,1242.19,2.73
7/14/2018,,,
7/15/2018,,,
7/16/2018,74.45,1239.63,2.75
7/17/2018,74.4,1227.74,2.76
7/18/2018,73.5,1226.39,2.77
7/19/2018,73.7,1217.45,2.74
7/20/2018,75.2,1229.14,2.77
7/21/2018,,,
7/22/2018,,,
7/23/2018,77.15,1224.76,2.83
7/24/2018,76.75,1227.72,2.83
7/25/2018,76.05,1228.75,2.82
7/26/2018,76.65,1227.06,2.86
7/27/2018,77.2,1224.03,2.84
7/28/2018,,,
7/29/2018,,,
7/30/2018,77.75,1224.31,2.85
7/31/2018,77.8,1222.01,2.85
8/1/2018,78.05,1217.51,2.87
8/2/2018,76,1214.15,2.85
8/3/2018,75.05,1219.63,2.82
8/4/2018,,,
8/5/2018,,,
8/6/2018,76,1210.98,2.8
8/7/2018,77,1211.9,2.84
8/8/2018,77.85,1210.45,2.83
8/9/2018,77.2,1213.49,2.8
8/10/2018,76.7,1214.99,2.75
8/11/2018,,,
8/12/2018,,,
8/13/2018,76.7,1195.89,2.75
8/14/2018,76.9,1197.68,2.77
8/15/2018,77.2,1179.69,2.73
8/16/2018,77.2,1181.34,2.75
8/17/2018,77,1179.16,2.75
8/18/2018,,,
8/19/2018,,,
8/20/2018,77.8,1186.62,2.7
8/21/2018,77.4,1187.9,2.73
8/22/2018,76.25,1195.27,2.7
8/23/2018,76,1189.55,2.72
8/24/2018,76.7,1207.49,2.72
8/25/2018,,,
8/26/2018,,,
8/27/2018,77.55,1210.09,2.74
8/28/2018,78.05,1209.3,2.77
8/29/2018,78,1203.67,2.78
8/30/2018,77.95,1200.8,2.75
8/31/2018,78.2,1202.84,2.74
9/1/2018,,,
9/2/2018,,,
9/3/2018,78.15,1201.38,0
9/4/2018,78.45,1192.52,2.78
9/5/2018,75.95,1197.53,2.77
9/6/2018,75.65,1199.4,2.76
9/7/2018,75.65,1198.42,2.82
9/8/2018,,,
9/9/2018,,,
9/10/2018,74.7,1196.71,2.83
9/11/2018,76.45,1190.71,2.87
9/12/2018,76.95,1199.03,2.87
9/13/2018,77.15,1203.07,2.87
9/14/2018,76.9,1196.72,2.9
9/15/2018,,,
9/16/2018,,,
9/17/2018,75.8,1204.23,2.89
9/18/2018,76.45,1199.25,2.94
9/19/2018,76.2,1204.59,2.96
9/20/2018,75.65,1203.99,2.96
9/21/2018,74.1,1198.05,2.95
9/22/2018,,,
9/23/2018,,,
9/24/2018,73.7,1201.99,2.96
9/25/2018,,1202.59,2.99
9/26/2018,76.65,1194.16,2.96
9/27/2018,76.6,1182.49,2.96
9/28/2018,77.05,1191.49,2.94
9/29/2018,,,
9/30/2018,,,
10/1/2018,,1188.49,2.96
10/2/2018,74.5,1207.1,2.94
10/3/2018,74.9,1201.7,3.02
10/4/2018,73.1,1203.34,3.05
10/5/2018,70.95,1201.98,3.07
10/6/2018,,,
10/7/2018,,,
10/8/2018,69.85,1185.56,0
10/9/2018,70.6,1188.18,3.05
10/10/2018,72.4,1187.45,3.05
10/11/2018,71.55,1218.5,3
10/12/2018,71.95,1218.88,3
10/13/2018,,,
10/14/2018,,,
10/15/2018,72.2,1227.74,3.01
10/16/2018,71.5,1228.01,3.02
10/17/2018,,1226.65,3.04
10/18/2018,73.8,1227.19,3.03
10/19/2018,73.15,1226.52,3.05
10/20/2018,,,
10/21/2018,,,
10/22/2018,73.9,1221.69,3.05
10/23/2018,72.3,1233.08,3.01
10/24/2018,72.85,1230.54,2.94
10/25/2018,72.45,1229.45,2.98
10/26/2018,72.9,1241.8,2.91
10/27/2018,,,
10/28/2018,,,
10/29/2018,73.15,1230.69,2.91
10/30/2018,72.1,1224.39,2.94
10/31/2018,69.5,1215.54,2.98
11/1/2018,70.75,1231.45,2.96
11/2/2018,72.3,1231.35,3.04
11/3/2018,,,
11/4/2018,,,
11/5/2018,70.8,1230.61,3.03
11/6/2018,72,1227.95,3.05
11/7/2018,72.65,1227.65,3.07
11/8/2018,72.55,1224.24,3.09
11/9/2018,72,1210.72,3.05
11/10/2018,,,
11/11/2018,,,
11/12/2018,72.45,1203.36,0
11/13/2018,72.3,1204.26,2.99
11/14/2018,73.65,1201.8,2.95
11/15/2018,74.25,1213.32,2.94
11/16/2018,73.3,1220.92,2.9
11/17/2018,,,
11/18/2018,,,
11/19/2018,73.35,1222.79,2.87
11/20/2018,72.85,1224.17,2.88
11/21/2018,73.4,1226.64,2.89
11/22/2018,74.6,1227.82,0
11/23/2018,74.3,1223.22,2.88
11/24/2018,,,
11/25/2018,,,
11/26/2018,75.4,1223.3,2.9
11/27/2018,73,1213.22,2.89
11/28/2018,74.65,1213.52,2.87
11/29/2018,75.45,1227.35,2.85
11/30/2018,74.5,1219.15,2.84
12/1/2018,,,
12/2/2018,,,
12/3/2018,75.65,1234.19,2.83
12/4/2018,76.65,1238.44,2.79
12/5/2018,77,1237.77,0
12/6/2018,77.25,1242.94,2.75
12/7/2018,79.35,1245.81,2.7
12/8/2018,,,
12/9/2018,,,
12/10/2018,76.7,1246.7,2.71
12/11/2018,77.15,1244.18,2.75
12/12/2018,77.9,1246.22,2.77
12/13/2018,78.95,1242.65,2.75
12/14/2018,78.85,1238.7,2.73
12/15/2018,,,
12/16/2018,,,
12/17/2018,79.15,1242.59,2.69
12/18/2018,79.3,1246.4,2.65
12/19/2018,78.55,1255.88,2.62
12/20/2018,78.25,1258.05,2.65
12/21/2018,77.65,1259.93,2.64
12/22/2018,,,
12/23/2018,,,
12/24/2018,78.8,1265.54,2.58
12/25/2018,,1265.54,0
12/26/2018,,1278.6,2.67
12/27/2018,78.9,1275.31,2.6
12/28/2018,78.9,1277.53,2.56
12/29/2018,,,
12/30/2018,,,
12/31/2018,79.3,1281.34,2.51
1/1/2019,,1281.34,0
1/2/2019,78.2,1287.08,2.49
1/3/2019,78.15,1289.1,2.37
1/4/2019,80.95,1282.97,2.49
1/5/2019,,,
1/6/2019,,,
1/7/2019,81.3,1288.24,2.53
1/8/2019,80.4,1284.48,2.58
1/9/2019,79.9,1289.65,2.57
1/10/2019,79.3,1289.31,2.56
1/11/2019,79.75,1290.3,2.52
1/12/2019,,,
1/13/2019,,,
1/14/2019,79.9,1289.85,2.53
1/15/2019,80.4,1289.4,2.53
1/16/2019,80.05,1294.48,2.54
1/17/2019,79.5,1291.74,2.58
1/18/2019,79.35,1283.55,2.62
1/19/2019,,,
1/20/2019,,,
1/21/2019,78.7,1280.85,0
1/22/2019,80.1,1281.04,2.57
1/23/2019,81,1282.68,2.59
1/24/2019,81.65,1282.65,2.55
1/25/2019,83.1,1298.59,2.59
1/26/2019,,,
1/27/2019,,,
1/28/2019,84.4,1302.55,2.58
1/29/2019,85.45,1310.67,2.55
1/30/2019,85.1,1311.66,2.49
1/31/2019,86,1322.59,2.43
2/1/2019,85.15,1317.94,2.51
2/2/2019,,,
2/3/2019,,,
2/4/2019,86.7,1314.58,2.53
2/5/2019,,1313.48,2.51
2/6/2019,,1312.17,2.5
2/7/2019,,1310.48,2.46
2/8/2019,86.85,1314.26,2.44
2/9/2019,,,
2/10/2019,,,
2/11/2019,86.6,1309.25,2.47
2/12/2019,86.35,1309.52,2.49
2/13/2019,86,1313.6,2.53
2/14/2019,86.65,1310.67,2.48
2/15/2019,86.6,1315.3,2.49
2/16/2019,,,
2/17/2019,,,
2/18/2019,87.2,1326.19,0
2/19/2019,88.8,1337.75,2.47
2/20/2019,90.05,1345.45,2.47
2/21/2019,89.6,1331.29,2.51
2/22/2019,89.1,1330.09,2.47
2/23/2019,,,
2/24/2019,,,
2/25/2019,88.75,1328.34,2.48
2/26/2019,88.4,1328.33,2.45
2/27/2019,89.1,1322.36,2.49
2/28/2019,88.75,1315.65,2.52
3/1/2019,90.1,1303.67,2.56
3/2/2019,,,
3/3/2019,,,
3/4/2019,90.1,1286.14,2.53
3/5/2019,89.65,1285.05,2.53
3/6/2019,89.6,1286.74,2.49
3/7/2019,89.3,1285.91,2.44
3/8/2019,87.55,1298.26,2.42
3/9/2019,,,
3/10/2019,,,
3/11/2019,88,1292.51,2.44
3/12/2019,88.8,1297.4,2.41
3/13/2019,88.35,1308.18,2.42
3/14/2019,87.35,1294.31,2.43
3/15/2019,86.65,1302.04,2.4
3/16/2019,,,
3/17/2019,,,
3/18/2019,87.3,1304.69,2.42
3/19/2019,88.1,1307.29,2.42
3/20/2019,87.25,1301.49,2.34
3/21/2019,87.3,1309.53,2.34
3/22/2019,88.05,1312.6,2.24
3/23/2019,,,
3/24/2019,,,
3/25/2019,88.4,1321.4,2.21
3/26/2019,88.5,1314.08,2.18
3/27/2019,88.45,1310.59,2.18
3/28/2019,91.3,1290.23,2.2
3/29/2019,91.8,1295.72,2.23
3/30/2019,,,
3/31/2019,,,
4/1/2019,92.55,1291.98,2.31
4/2/2019,92.5,1290.63,2.28
4/3/2019,93.05,1291.15,2.32
4/4/2019,92.1,1288.23,2.32
4/5/2019,,1292.3,2.31
4/6/2019,,,
4/7/2019,,,
4/8/2019,92.15,1299.36,2.33
4/9/2019,93.1,1304.93,2.31
4/10/2019,93.2,1307.88,2.28
4/11/2019,92,1295.73,2.31
4/12/2019,92.35,1292.28,2.38
4/13/2019,,,
4/14/2019,,,
4/15/2019,91.1,1287.29,2.37
4/16/2019,91.5,1276.2,2.41
4/17/2019,90.65,1273.59,2.4
4/18/2019,91,1275.31,2.38
4/19/2019,,1275.31,0
4/20/2019,,,
4/21/2019,,,
4/22/2019,,1275.19,2.39
4/23/2019,90.4,1268.83,2.36
4/24/2019,90.2,1274.89,2.32
4/25/2019,91.35,1280.04,2.33
4/26/2019,92.65,1287.52,2.29
4/27/2019,,,
4/28/2019,,,
4/29/2019,93.7,1279.54,2.32
4/30/2019,91.5,1283.06,2.28
5/1/2019,,1281.91,2.31
5/2/2019,95,1268.45,2.34
5/3/2019,95.95,1281.04,2.33
5/4/2019,,,
5/5/2019,,,
5/6/2019,95.15,1279.05,2.3
5/7/2019,94.7,1283.83,2.25
5/8/2019,94.2,1282.72,2.28
5/9/2019,92.55,1283.84,2.25
5/10/2019,93.25,1287.27,2.26
5/11/2019,,,
5/12/2019,,,
5/13/2019,,1297.4,2.18
5/14/2019,96.8,1296.96,2.2
5/15/2019,95.45,1296.2,2.15
5/16/2019,96.35,1287.05,2.18
5/17/2019,94.85,1276.5,2.17
5/18/2019,,,
5/19/2019,,,
5/20/2019,97.5,1278.13,2.21
5/21/2019,97.4,1274.19,2.23
5/22/2019,96.9,1275.31,2.19
5/23/2019,97.3,1286.69,2.11
5/24/2019,97.35,1283.77,2.12
5/25/2019,,,
5/26/2019,,,
5/27/2019,96.85,1285.44,0
5/28/2019,96.05,1278.78,2.06
5/29/2019,96.85,1282,2.05
5/30/2019,95.3,1288.26,2.03
5/31/2019,93.8,1300.11,1.93
6/1/2019,,,
6/2/2019,,,
6/3/2019,95.85,1319.82,1.83
6/4/2019,95.95,1321.4,1.89
6/5/2019,95.45,1330.56,1.86
6/6/2019,96.9,1335.64,1.88
6/7/2019,,1345.85,1.85
6/8/2019,,,
6/9/2019,,,
6/10/2019,98.3,1329.04,1.91
6/11/2019,99.25,1326.26,1.92
6/12/2019,96.1,1335.17,1.88
6/13/2019,95.9,1338.19,1.84
6/14/2019,95.85,1350.18,1.85
6/15/2019,,,
6/16/2019,,,
6/17/2019,96.1,1338.98,1.85
6/18/2019,97.25,1348.58,1.83
6/19/2019,97,1344.15,1.77
6/20/2019,97.15,1384.84,1.74
6/21/2019,96.1,1393.47,1.8
6/22/2019,,,
6/23/2019,,,
6/24/2019,97.25,1410.04,1.75
6/25/2019,97.7,1432.35,1.73
6/26/2019,97.65,1410.14,1.8
6/27/2019,97.6,1404.85,1.76
6/28/2019,96,1412.3,1.76
6/29/2019,,,
6/30/2019,,,
7/1/2019,,1393.3,1.79
7/2/2019,96,1397.04,1.75
7/3/2019,97.9,1420.58,1.74
7/4/2019,98,1415.51,0
7/5/2019,99.2,1394.93,1.84
7/6/2019,,,
7/7/2019,,,
7/8/2019,98.15,1398.46,1.86
7/9/2019,97.35,1397.13,1.88
7/10/2019,97.3,1406.26,1.82
7/11/2019,97.6,1411.21,1.88
7/12/2019,98.05,1407.99,1.86
7/13/2019,,,
7/14/2019,,,
7/15/2019,97.6,1410.51,1.84
7/16/2019,97.9,1409.56,1.88
7/17/2019,97,1422.06,1.83
7/18/2019,96.8,1425.53,1.78
7/19/2019,97.2,1429.33,1.8
7/20/2019,,,
7/21/2019,,,
7/22/2019,96,1426.8,1.8
7/23/2019,95.85,1424.23,1.83
7/24/2019,95.45,1423.9,1.82
7/25/2019,95.35,1418.64,1.85
7/26/2019,95,1419.49,1.85
7/27/2019,,,
7/28/2019,,,
7/29/2019,92.35,1419.63,1.84
7/30/2019,92.25,1428.8,1.84
7/31/2019,91.4,1427.68,1.84
8/1/2019,90.45,1413.94,1.68
8/2/2019,92.1,1445.94,1.66
8/3/2019,,,
8/4/2019,,,
8/5/2019,90.65,1457.49,1.55
8/6/2019,92,1473.73,1.53
8/7/2019,91.55,1502.56,1.52
8/8/2019,92.35,1496.49,1.54
8/9/2019,91,1502.47,1.57
8/10/2019,,,
8/11/2019,,,
8/12/2019,89.1,1505.46,1.49
8/13/2019,86.55,1501.27,1.57
8/14/2019,86.85,1518.42,1.51
8/15/2019,90.45,1518.6,1.42
8/16/2019,92.6,1507.8,1.42
8/17/2019,,,
8/18/2019,,,
8/19/2019,94.1,1501.18,1.47
8/20/2019,93.8,1502.31,1.42
8/21/2019,94.3,1503.35,1.47
8/22/2019,92.8,1500.7,1.5
8/23/2019,92.05,1534.16,1.4
8/24/2019,,,
8/25/2019,,,
8/26/2019,89.8,1533.97,1.43
8/27/2019,89.55,1539.04,1.4
8/28/2019,89.9,1537.47,1.37
8/29/2019,89.45,1536.9,1.4
8/30/2019,88,1529.31,1.39
8/31/2019,,,
9/1/2019,,,
9/2/2019,86.15,1526.05,0
9/3/2019,86.45,1548.98,1.35
9/4/2019,91.55,1545.45,1.32
9/5/2019,89.4,1518.97,1.43
9/6/2019,89.35,1520.8,1.42
9/7/2019,,,
9/8/2019,,,
9/9/2019,88.7,1501.94,1.49
9/10/2019,88.7,1496.5,1.58
9/11/2019,90,1495.35,1.6
9/12/2019,89.1,1513.02,1.65
9/13/2019,89.7,1493.4,1.75
9/14/2019,,,
9/15/2019,,,
9/16/2019,88.9,1504.65,1.69
9/17/2019,89.15,1504.15,1.66
9/18/2019,88.3,1508.2,1.68
9/19/2019,88,1500.4,1.66
9/20/2019,87.75,1503.68,1.61
9/21/2019,,,
9/22/2019,,,
9/23/2019,87.15,1525.27,1.59
9/24/2019,86.25,1525.19,1.52
9/25/2019,85.3,1517.94,1.6
9/26/2019,85.7,1510.02,1.59
9/27/2019,85.6,1491.9,1.56
9/28/2019,,,
9/29/2019,,,
9/30/2019,86.45,1473.85,1.55
10/1/2019,,1482.96,1.51
10/2/2019,86.9,1498.58,1.43
10/3/2019,86.9,1509.56,1.34
10/4/2019,87.45,1507.51,1.34
10/5/2019,,,
10/6/2019,,,
10/7/2019,,1501.79,1.38
10/8/2019,85.35,1502.91,1.36
10/9/2019,83,1507.54,1.4
10/10/2019,80.5,1492.14,1.48
10/11/2019,82.9,1482.15,1.59
10/12/2019,,,
10/13/2019,,,
10/14/2019,82.7,1491.9,0
10/15/2019,82,1480.8,1.59
10/16/2019,84.35,1486.08,1.57
10/17/2019,85.15,1491.48,1.57
10/18/2019,83.35,1489.9,1.56
10/19/2019,,,
10/20/2019,,,
10/21/2019,83.5,1485.41,1.61
10/22/2019,84,1484.71,1.6
10/23/2019,83.9,1493.69,1.58
10/24/2019,85.35,1502.05,1.58
10/25/2019,85,1509.25,1.62
10/26/2019,,,
10/27/2019,,,
10/28/2019,85.1,1491.19,1.66
10/29/2019,85.05,1490.27,1.66
10/30/2019,85.75,1494.46,1.61
10/31/2019,85.45,1510.23,1.51
11/1/2019,86.5,1511.25,1.55
11/2/2019,,,
11/3/2019,,,
11/4/2019,85.75,1507.53,1.6
11/5/2019,85.1,1485.49,1.66
11/6/2019,85.6,1488.8,1.63
11/7/2019,86,1469.55,1.74
11/8/2019,85.1,1466.6,1.74
11/9/2019,,,
11/10/2019,,,
11/11/2019,83,1452.55,0
11/12/2019,82.3,1451.31,1.73
11/13/2019,81.1,1464.71,1.69
11/14/2019,79.75,1471.32,1.63
11/15/2019,79.75,1466.78,1.65
11/16/2019,,,
11/17/2019,,,
11/18/2019,80.4,1473.03,1.63
11/19/2019,81.6,1472.94,1.63
11/20/2019,81.55,1468.99,1.58
11/21/2019,80.15,1468.35,1.62
11/22/2019,80.55,1466.13,1.62
11/23/2019,,,
11/24/2019,,,
11/25/2019,82.5,1457.24,1.62
11/26/2019,81.15,1459.65,1.58
11/27/2019,81.15,1454.27,1.63
11/28/2019,81,1455.7,0
11/29/2019,80,1461.54,1.62
11/30/2019,,,
12/1/2019,,,
12/2/2019,80.1,1464.4,1.65
12/3/2019,79.25,1478.84,1.54
12/4/2019,78.65,1473.09,1.6
12/5/2019,79.65,1477.21,1.62
12/6/2019,80.5,1459.55,1.67
12/7/2019,,,
12/8/2019,,,
12/9/2019,80.75,1461.78,1.67
12/10/2019,79.7,1463.3,1.68
12/11/2019,79.45,1471.36,1.64
12/12/2019,79.65,1466.15,1.73
12/13/2019,80.5,1472.23,1.66
12/14/2019,,,
12/15/2019,,,
12/16/2019,79.4,1474.3,1.72
12/17/2019,79.1,1476.57,1.71
12/18/2019,78.9,1475.6,1.74
12/19/2019,78.9,1476.67,1.73
12/20/2019,81.1,1477.4,1.73
12/21/2019,,,
12/22/2019,,,
12/23/2019,81,1482.88,1.75
12/24/2019,81,1499.54,1.72
12/25/2019,,1499.54,0
12/26/2019,,1499.54,1.72
12/27/2019,81.7,1512.74,1.68
12/28/2019,,,
12/29/2019,,,
12/30/2019,82.2,1514.92,1.68
12/31/2019,82.5,1520.5,1.69
1/1/2020,,1520.5,0
1/2/2020,82.3,1527.8,1.67
1/3/2020,81.75,1548.22,1.59
1/4/2020,,,
1/5/2020,,,
1/6/2020,81.15,1565.02,1.61
1/7/2020,81,1569.65,1.62
1/8/2020,80.7,1568.67,1.67
1/9/2020,81.4,1547.81,1.65
1/10/2020,81.7,1559.69,1.63
1/11/2020,,,
1/12/2020,,,
1/13/2020,82.85,1559.69,1.65
1/14/2020,83.25,1543.56,1.63
1/15/2020,83.5,1550.38,1.6
1/16/2020,84.75,1550.49,1.63
1/17/2020,86.25,1557.06,1.63
1/18/2020,,,
1/19/2020,,,
1/20/2020,85.55,1560.78,0
1/21/2020,83.5,1557.77,1.57
1/22/2020,82.7,1557.59,1.57
1/23/2020,82.05,1563.91,1.55
1/24/2020,81.6,1571.2,1.51
1/25/2020,,,
1/26/2020,,,
1/27/2020,,1582.84,1.44
1/28/2020,,1570.88,1.47
1/29/2020,80,1571.2,1.41
1/30/2020,79.3,1582.44,1.39
1/31/2020,79,1586.7,1.32
2/1/2020,,,
2/2/2020,,,
2/3/2020,78.15,1576.06,1.35
2/4/2020,78.2,1555.66,1.42
2/5/2020,77.8,1558.14,1.46
2/6/2020,80.35,1563.9,1.45
2/7/2020,80.65,1567.48,1.41
2/8/2020,,,
2/9/2020,,,
2/10/2020,79.15,1574.48,1.38
2/11/2020,78.8,1564.53,1.4
2/12/2020,79.1,1566.69,1.45
2/13/2020,78.75,1575.71,1.43
2/14/2020,78.7,1581.57,1.42
2/15/2020,,,
2/16/2020,,,
2/17/2020,79.05,1582.17,0
2/18/2020,78.05,1602.43,1.39
2/19/2020,78.05,1606.18,1.41
2/20/2020,77.9,1621.2,1.37
2/21/2020,76.45,1642.4,1.3
2/22/2020,,,
2/23/2020,,,
2/24/2020,75.1,1673.86,1.21
2/25/2020,75,1654.65,1.16
2/26/2020,74.1,1639.23,1.14
2/27/2020,74.05,1647.79,1.11
2/28/2020,72.2,1586.71,0.89
2/29/2020,,,
3/1/2020,,,
3/2/2020,71.4,1596.46,0.88
3/3/2020,71.65,1638.34,0.77
3/4/2020,73.9,1640.3,0.75
3/5/2020,74.55,1659.7,0.67
3/6/2020,73.85,1667.99,0.58
3/7/2020,,,
3/8/2020,,,
3/9/2020,73.8,1665.68,0.46
3/10/2020,76,1654.22,0.63
3/11/2020,77,1649.06,0.66
3/12/2020,75.55,1570.53,0.66
3/13/2020,73.3,1530.94,0.7
3/14/2020,,,
3/15/2020,,,
3/16/2020,71.15,1502.23,0.49
3/17/2020,72.95,1539.44,0.66
3/18/2020,70.65,1490.6,0.79
3/19/2020,66.7,1475.03,0.66
3/20/2020,66.75,1486.54,0.52
3/21/2020,,,
3/22/2020,,,
3/23/2020,63.75,1543.67,0.38
3/24/2020,64.4,1622.25,0.52
3/25/2020,66.9,1612.98,0.56
3/26/2020,65.9,1630.56,0.51
3/27/2020,66.5,1626.54,0.41
3/28/2020,,,
3/29/2020,,,
3/30/2020,64.5,1621.69,0.39
3/31/2020,65.7,1612.1,0.37
4/1/2020,65.85,1587.82,0.37
4/2/2020,64.5,1606.88,0.39
4/3/2020,63.45,1618.74,0.39
4/4/2020,,,
4/5/2020,,,
4/6/2020,65.1,1649.1,0.44
4/7/2020,67,1651.11,0.48
4/8/2020,66.7,1648.74,0.47
4/9/2020,67.5,1681.76,0.41
4/10/2020,,1681.76,0
4/11/2020,,,
4/12/2020,,,
4/13/2020,,1681.76,0.44
4/14/2020,69,1731.06,0.42
4/15/2020,68.8,1717.36,0.34
4/16/2020,69,1724.73,0.35
4/17/2020,70.4,1693.9,0.36
4/18/2020,,,
4/19/2020,,,
4/20/2020,69.6,1692.74,0.35
4/21/2020,67.25,1681.19,0.34
4/22/2020,67.25,1710.39,0.37
4/23/2020,67.7,1737.64,0.37
4/24/2020,66.5,1718.82,0.36
4/25/2020,,,
4/26/2020,,,
4/27/2020,67,1713.53,0.41
4/28/2020,68.3,1702.28,0.37
4/29/2020,69.6,1700.88,0.36
4/30/2020,,1704.81,0.36
5/1/2020,,1691.97,0.36
5/2/2020,,,
5/3/2020,,,
5/4/2020,67.3,1704.49,0.36
5/5/2020,67.8,1698.9,0.36
5/6/2020,68.75,1686.94,0.37
5/7/2020,68.4,1698.76,0.29
5/8/2020,68.45,1713.78,0.33
5/9/2020,,,
5/10/2020,,,
5/11/2020,68.95,1695.7,0.36
5/12/2020,67.55,1708.97,0.34
5/13/2020,67.3,1715.12,0.31
5/14/2020,66.35,1730.11,0.31
5/15/2020,66.15,1744.07,0.31
5/16/2020,,,
5/17/2020,,,
5/18/2020,66.65,1736.54,0.38
5/19/2020,69.1,1739.13,0.35
5/20/2020,68.85,1745.99,0.34
5/21/2020,67.85,1724.32,0.35
5/22/2020,60.95,1736.32,0.34
5/23/2020,,,
5/24/2020,,,
5/25/2020,59.2,1731.03,0
5/26/2020,60.45,1709.48,0.35
5/27/2020,58.8,1700.95,0.34
5/28/2020,57,1722.73,0.34
5/29/2020,57.95,1731.55,0.3
5/30/2020,,,
5/31/2020,,,
6/1/2020,61.3,1738.02,0.31
6/2/2020,65.25,1739.61,0.32
6/3/2020,65.9,1696.19,0.38
6/4/2020,65.1,1712.17,0.4
6/5/2020,66.25,1681.39,0.47
6/6/2020,,,
6/7/2020,,,
6/8/2020,66.15,1690.47,0.45
6/9/2020,68.55,1718.72,0.4
6/10/2020,69.3,1717.54,0.33
6/11/2020,68.25,1741.94,0.32
6/12/2020,67.1,1733.8,0.33
6/13/2020,,,
6/14/2020,,,
6/15/2020,65.1,1721.16,0.33
6/16/2020,65.8,1727.34,0.34
6/17/2020,66.35,1748.03,0.34
6/18/2020,66,1724.09,0.34
6/19/2020,65.7,1741.04,0.33
6/20/2020,,,
6/21/2020,,,
6/22/2020,64.9,1756.93,0.34
6/23/2020,64,1767.04,0.33
6/24/2020,63.95,1772.24,0.33
6/25/2020,,1760.27,0.32
6/26/2020,63.8,1760.56,0.3
6/27/2020,,,
6/28/2020,,,
6/29/2020,63.65,1772.68,0.28
6/30/2020,63.35,1783.66,0.29
7/1/2020,,1763.12,0.31
7/2/2020,64.65,1776.31,0.29
7/3/2020,64.8,1775.36,0
7/4/2020,,,
7/5/2020,,,
7/6/2020,66.5,1783.27,0.31
7/7/2020,65.7,1793.97,0.29
7/8/2020,65.15,1812.09,0.3
7/9/2020,63.45,1801.65,0.28
7/10/2020,63.25,1800.69,0.3
7/11/2020,,,
7/12/2020,,,
7/13/2020,62.85,1806.22,0.3
7/14/2020,62.75,1809.04,0.28
7/15/2020,62.15,1806.74,0.28
7/16/2020,61.2,1805.56,0.28
7/17/2020,61,1810.06,0.29
7/18/2020,,,
7/19/2020,,,
7/20/2020,60.35,1817.09,0.29
7/21/2020,61,1838.3,0.27
7/22/2020,59.55,1856.7,0.27
7/23/2020,59.05,1887.7,0.27
7/24/2020,58.9,1902.48,0.27
7/25/2020,,,
7/26/2020,,,
7/27/2020,58.55,1941.43,0.3
7/28/2020,58.2,1949.97,0.26
7/29/2020,59.25,1955.46,0.25
7/30/2020,60.3,1940.1,0.23
7/31/2020,60.15,1975.1,0.21
8/1/2020,,,
8/2/2020,,,
8/3/2020,60.65,1973.74,0.22
8/4/2020,61.45,1994.05,0.19
8/5/2020,61.35,2047.55,0.22
8/6/2020,60.95,2052.5,0.21
8/7/2020,61.4,2039.08,0.23
8/8/2020,,,
8/9/2020,,,
8/10/2020,60.9,2036.19,0.24
8/11/2020,61.85,1950.13,0.27
8/12/2020,63.05,1944.14,0.3
8/13/2020,63.05,1947.7,0.32
8/14/2020,62.65,1948.09,0.29
8/15/2020,,,
8/16/2020,,,
8/17/2020,63.35,1983.71,0.29
8/18/2020,62.4,1995.56,0.27
8/19/2020,61.6,1963.24,0.29
8/20/2020,60.3,1942.01,0.26
8/21/2020,61.45,1939.85,0.27
8/22/2020,,,
8/23/2020,,,
8/24/2020,62.85,1931.69,0.28
8/25/2020,62.55,1920.86,0.3
8/26/2020,62,1940.06,0.28
8/27/2020,60.8,1918.27,0.31
8/28/2020,61.45,1966.36,0.28
8/29/2020,,,
8/30/2020,,,
8/31/2020,61.7,1967.93,0.28
9/1/2020,61.1,1976.52,0.26
9/2/2020,64.05,1940.23,0.26
9/3/2020,64.3,1935.33,0.24
9/4/2020,63,1921.33,0.3
9/5/2020,,,
9/6/2020,,,
9/7/2020,62.9,1929.41,0
9/8/2020,62.7,1926.65,0.28
9/9/2020,63,1945.89,0.28
9/10/2020,62.9,1958.04,0.26
9/11/2020,62.85,1947.8,0.26
9/12/2020,,,
9/13/2020,,,
9/14/2020,63.6,1959.39,0.27
9/15/2020,64.3,1953.24,0.27
9/16/2020,65.15,1966.77,0.28
9/17/2020,64.8,1948.3,0.28
9/18/2020,65.15,1954.65,0.29
9/19/2020,,,
9/20/2020,,,
9/21/2020,63.95,1897.09,0.27
9/22/2020,63.3,1903.6,0.27
9/23/2020,63.15,1868.69,0.28
9/24/2020,62.8,1863.8,0.27
9/25/2020,62.95,1862.09,0.26
9/26/2020,,,
9/27/2020,,,
9/28/2020,62.55,1869.9,0.26
9/29/2020,62.25,1886.19,0.24
9/30/2020,63,1899.84,0.28
10/1/2020,,1908.54,0.27
10/2/2020,,1907.74,0.28
10/3/2020,,,
10/4/2020,,,
10/5/2020,63.25,1913.4,0.33
10/6/2020,62.5,1912.99,0.32
10/7/2020,63.2,1883.72,0.35
10/8/2020,62.5,1889.49,0.33
10/9/2020,61.5,1926.15,0.34
10/10/2020,,,
10/11/2020,,,
10/12/2020,61.75,1921.98,0
10/13/2020,,1891.63,0.31
10/14/2020,61.35,1910.19,0.3
10/15/2020,61.2,1900.24,0.32
10/16/2020,60.55,1903.31,0.32
10/17/2020,,,
10/18/2020,,,
10/19/2020,61.35,1906.81,0.34
10/20/2020,61.1,1908.43,0.34
10/21/2020,61.15,1923.29,0.36
10/22/2020,61.2,1899.38,0.38
10/23/2020,61.95,1899.92,0.37
10/24/2020,,,
10/25/2020,,,
10/26/2020,,1904.99,0.35
10/27/2020,60.8,1909.74,0.34
10/28/2020,60,1882.04,0.34
10/29/2020,60.15,1872.14,0.38
10/30/2020,59.05,1880.77,0.38
10/31/2020,,,
11/1/2020,,,
11/2/2020,59.1,1894.44,0.38
11/3/2020,60.05,1905.12,0.39
11/4/2020,60.55,1899.19,0.33
11/5/2020,61.4,1948.94,0.33
11/6/2020,62.7,1951.65,0.36
11/7/2020,,,
11/8/2020,,,
11/9/2020,63,1855.21,0.44
11/10/2020,67.45,1884.61,0.46
11/11/2020,69.5,1865.58,0
11/12/2020,68.4,1879.3,0.4
11/13/2020,68.3,1893.05,0.41
11/14/2020,,,
11/15/2020,,,
11/16/2020,69.35,1890.88,0.41
11/17/2020,71.65,1887.27,0.39
11/18/2020,70.9,1880.58,0.4
11/19/2020,69.3,1859.44,0.39
11/20/2020,68,1873.93,0.38
11/21/2020,,,
11/22/2020,,,
11/23/2020,66.65,1832.1,0.39
11/24/2020,67.9,1805.54,0.39
11/25/2020,68.35,1812.8,0.39
11/26/2020,68.8,1809.94,0
11/27/2020,68.5,1784.73,0.37
11/28/2020,,,
11/29/2020,,,
11/30/2020,68,1774.39,0.36
12/1/2020,67.35,1810.06,0.42
12/2/2020,67,1827.5,0.42
12/3/2020,70.8,1827.49,0.4
12/4/2020,70.8,1833.94,0.42
12/5/2020,,,
12/6/2020,,,
12/7/2020,69.45,1865.82,0.4
12/8/2020,69,1867.21,0.39
12/9/2020,69.4,1848.21,0.41
12/10/2020,69.5,1834.44,0.39
12/11/2020,69.65,1845.61,0.37
12/12/2020,,,
12/13/2020,,,
12/14/2020,69.2,1826.96,0.37
12/15/2020,68.7,1847.49,0.37
12/16/2020,69.6,1862.49,0.37
12/17/2020,69.85,1888.09,0.38
12/18/2020,68.9,1884.24,0.39
12/19/2020,,,
12/20/2020,,,
12/21/2020,68.85,1877.2,0.39
12/22/2020,68.25,1864.24,0.37
12/23/2020,69,1871.43,0.38
12/24/2020,68.9,1878.44,0.37
12/25/2020,,1878.44,0
12/26/2020,,,
12/27/2020,,,
12/28/2020,70,1881.86,0.38
12/29/2020,70.9,1880.24,0.37
12/30/2020,71.8,1885.07,0.37
12/31/2020,70.6,1897.77,0.36
1/1/2021,,1897.77,0
1/2/2021,,,
1/3/2021,,,
1/4/2021,71.75,1939.47,0.36
1/5/2021,73.1,1946.69,0.38
1/6/2021,72.75,1901.5,0.43
1/7/2021,71.45,1917.18,0.46
1/8/2021,70.65,1854.99,0.49
1/9/2021,,,
1/10/2021,,,
1/11/2021,69.9,1849.06,0.5
1/12/2021,70.15,1845.49,0.5
1/13/2021,70.6,1858.31,0.48
1/14/2021,70.45,1849.15,0.49
1/15/2021,69.45,1825.48,0.46
1/16/2021,,,
1/17/2021,,,
1/18/2021,69.2,1837.23,0
1/19/2021,69.55,1841.9,0.45
1/20/2021,69,1865.59,0.45
1/21/2021,69.1,1865.59,0.45
1/22/2021,68.75,1854.08,0.44
1/23/2021,,,
1/24/2021,,,
1/25/2021,68.3,1848.97,0.42
1/26/2021,68.25,1853.45,0.42
1/27/2021,68.15,1847.79,0.41
1/28/2021,68.15,1855.88,0.42
1/29/2021,67.7,1858.01,0.45
1/30/2021,,,
1/31/2021,,,
2/1/2021,67.95,1862.56,0.42
2/2/2021,67.25,1838.56,0.45
2/3/2021,67.5,1834.69,0.46
2/4/2021,67.8,1789.94,0.46
2/5/2021,67.75,1808.24,0.47
2/6/2021,,,
2/7/2021,,,
2/8/2021,67.25,1836.15,0.48
2/9/2021,66.7,1838.34,0.48
2/10/2021,66.7,1836.66,0.46
2/11/2021,67.3,1836.85,0.46
2/12/2021,,1826.76,0.5
2/13/2021,,,
2/14/2021,,,
2/15/2021,,1819.17,0
2/16/2021,68.85,1810.49,0.57
2/17/2021,68.75,1770.17,0.57
2/18/2021,69.6,1778.1,0.56
2/19/2021,70.15,1785.19,0.59
2/20/2021,,,
2/21/2021,,,
2/22/2021,69.8,1808.19,0.61
2/23/2021,71.85,1805.4,0.59
2/24/2021,72.5,1794.92,0.62
2/25/2021,74.25,1777.67,0.81
2/26/2021,73.2,1727.44,0.75
2/27/2021,,,
2/28/2021,,,
3/1/2021,71.35,1738.72,0.71
3/2/2021,71.25,1727.1,0.67
3/3/2021,70.85,1721.09,0.73
3/4/2021,70.55,1719.14,0.77
3/5/2021,70.65,1696.1,0.79
3/6/2021,,,
3/7/2021,,,
3/8/2021,71.2,1681.84,0.86
3/9/2021,72.45,1716.7,0.83
3/10/2021,72.6,1717.3,0.8
3/11/2021,71.85,1722.16,0.78
3/12/2021,71.85,1710.69,0.85
3/13/2021,,,
3/14/2021,,,
3/15/2021,71.8,1729.58,0.84
3/16/2021,71.25,1728.53,0.83
3/17/2021,71.3,1727.24,0.8
3/18/2021,70.5,1735.59,0.86
3/19/2021,69.95,1740.01,0.9
3/20/2021,,,
3/21/2021,,,
3/22/2021,70.05,1740.01,0.87
3/23/2021,70,1727.67,0.83
3/24/2021,69.85,1736.84,0.83
3/25/2021,69.9,1730.71,0.82
3/26/2021,69.75,1733.21,0.85
3/27/2021,,,
3/28/2021,,,
3/29/2021,70.5,1711.05,0.89
3/30/2021,72.6,1685.74,0.9
3/31/2021,70.8,1704.74,0.92
4/1/2021,70.35,1729.6,0.9
4/2/2021,,1729.6,0.97
4/3/2021,,,
4/4/2021,,,
4/5/2021,,1727.68,0.94
4/6/2021,,1744.13,0.88
4/7/2021,70.4,1742.66,0.87
4/8/2021,70.6,1756.04,0.85
4/9/2021,70.5,1742.83,0.87
4/10/2021,,,
4/11/2021,,,
4/12/2021,70.45,1734.6,0.89
4/13/2021,71.9,1742.64,0.85
4/14/2021,73.9,1735.27,0.87
4/15/2021,74.6,1765.62,0.81
4/16/2021,75.2,1778.91,0.84
4/17/2021,,,
4/18/2021,,,
4/19/2021,74.3,1775.44,0.85
4/20/2021,74.6,1776.02,0.81
4/21/2021,74.1,1792.35,0.81
4/22/2021,74.6,1784.52,0.81
4/23/2021,74.9,1775.76,0.83
4/24/2021,,,
4/25/2021,,,
4/26/2021,74.25,1777.75,0.85
4/27/2021,73.25,1779.8,0.88
4/28/2021,72.8,1773.5,0.86
4/29/2021,73.3,1769.01,0.86
4/30/2021,73.45,1770.46,0.86
5/1/2021,,,
5/2/2021,,,
5/3/2021,73,1792.91,0.84
5/4/2021,72.8,1777.6,0.82
5/5/2021,72.4,1783.33,0.8
5/6/2021,73.6,1814.74,0.81
5/7/2021,74.1,1835.08,0.77
5/8/2021,,,
5/9/2021,,,
5/10/2021,75.15,1837.95,0.8
5/11/2021,74.55,1829.7,0.8
5/12/2021,73.75,1830.15,0.87
5/13/2021,72.9,1821.7,0.84
5/14/2021,73.2,1837.32,0.82
5/15/2021,,,
5/16/2021,,,
5/17/2021,72.35,1863.3,0.84
5/18/2021,74.35,1868.1,0.83
5/19/2021,,1883.59,0.87
5/20/2021,74.05,1879.55,0.83
5/21/2021,73.7,1874.94,0.84
5/22/2021,,,
5/23/2021,,,
5/24/2021,74.05,1884.53,0.82
5/25/2021,74.7,1892,0.79
5/26/2021,75.3,1904.1,0.8
5/27/2021,74.85,1891.3,0.81
5/28/2021,74.85,1895.21,0.79
5/29/2021,,,
5/30/2021,,,
5/31/2021,73.9,1905.99,0
6/1/2021,74.3,1898.7,0.81
6/2/2021,74.75,1903.45,0.8
6/3/2021,74.4,1871.58,0.84
6/4/2021,74.1,1894.25,0.78
6/5/2021,,,
6/6/2021,,,
6/7/2021,74.35,1893.1,0.79
6/8/2021,75.75,1893.15,0.77
6/9/2021,75.75,1890.38,0.75
6/10/2021,76.85,1890.7,0.73
6/11/2021,76.85,1882.28,0.76
6/12/2021,,,
6/13/2021,,,
6/14/2021,,1864.56,0.8
6/15/2021,76.1,1860.65,0.79
6/16/2021,76.2,1856.3,0.89
6/17/2021,75.55,1773.55,0.9
6/18/2021,78.2,1775.97,0.89
6/19/2021,,,
6/20/2021,,,
6/21/2021,77.8,1784.96,0.9
6/22/2021,77.3,1780.75,0.87
6/23/2021,78.2,1788.38,0.9
6/24/2021,78.25,1780.74,0.9
6/25/2021,78,1780.98,0.92
6/26/2021,,,
6/27/2021,,,
6/28/2021,77.85,1781.7,0.9
6/29/2021,75.95,1758.48,0.89
6/30/2021,75.25,1765.43,0.87
7/1/2021,,1770.53,0.89
7/2/2021,74.65,1783.7,0.86
7/3/2021,,,
7/4/2021,,,
7/5/2021,76.5,1790.97,0
7/6/2021,76.25,1802.95,0.81
7/7/2021,75.55,1803.55,0.79
7/8/2021,74.75,1798.31,0.74
7/9/2021,74.15,1808.25,0.79
7/10/2021,,,
7/11/2021,,,
7/12/2021,75,1804.35,0.81
7/13/2021,75.35,1812.59,0.85
7/14/2021,74.4,1822.61,0.8
7/15/2021,75.1,1823.32,0.78
7/16/2021,75.6,1812.56,0.79
7/17/2021,,,
7/18/2021,,,
7/19/2021,74.55,1807.5,0.7
7/20/2021,74.6,1810.1,0.69
7/21/2021,74.95,1802.65,0.74
7/22/2021,75.8,1804.26,0.71
7/23/2021,75.3,1798.95,0.72
7/24/2021,,,
7/25/2021,,,
7/26/2021,75.05,1799.95,0.73
7/27/2021,75.4,1797.53,0.71
7/28/2021,75.8,1801.68,0.72
7/29/2021,75,1829.2,0.73
7/30/2021,74.3,1823.24,0.69
7/31/2021,,,
8/1/2021,,,
8/2/2021,75,1815.17,0.66
8/3/2021,74.6,1808.92,0.65
8/4/2021,74.25,1808.32,0.67
8/5/2021,73.95,1802.65,0.72
8/6/2021,73.8,1763.95,0.77
8/7/2021,,,
8/8/2021,,,
8/9/2021,73.4,1729.14,0.79
8/10/2021,72.6,1727.58,0.82
8/11/2021,72.5,1749.47,0.81
8/12/2021,72.6,1748.35,0.83
8/13/2021,72.95,1774.35,0.79
8/14/2021,,,
8/15/2021,,,
8/16/2021,73.3,1787.34,0.75
8/17/2021,73.25,1783,0.77
8/18/2021,73.6,1779.9,0.79
8/19/2021,72.9,1781.68,0.78
8/20/2021,74,1782.6,0.8
8/21/2021,,,
8/22/2021,,,
8/23/2021,73.3,1802.35,0.78
8/24/2021,72.8,1805.67,0.8
8/25/2021,71.95,1786.75,0.84
8/26/2021,71.6,1795.7,0.84
8/27/2021,71.5,1807.61,0.79
8/28/2021,,,
8/29/2021,,,
8/30/2021,71.95,1811.11,0.77
8/31/2021,71.55,1806.3,0.77
9/1/2021,71.3,1811.1,0.78
9/2/2021,71.75,1812.6,0.78
9/3/2021,71.15,1833.8,0.78
9/4/2021,,,
9/5/2021,,,
9/6/2021,70.95,1822.21,0
9/7/2021,70.55,1793.3,0.82
9/8/2021,70,1793.76,0.81
9/9/2021,69.9,1791.35,0.79
9/10/2021,70.05,1794.44,0.82
9/11/2021,,,
9/12/2021,,,
9/13/2021,69.3,1795.24,0.81
9/14/2021,69.1,1807.8,0.79
9/15/2021,68,1793.97,0.81
9/16/2021,66.95,1757.39,0.84
9/17/2021,66.65,1753.95,0.88
9/18/2021,,,
9/19/2021,,,
9/20/2021,64.65,1764.6,0.83
9/21/2021,64.75,1779,0.84
9/22/2021,,1776.84,0.86
9/23/2021,66.1,1748.75,0.94
9/24/2021,65.25,1752.18,0.97
9/25/2021,,,
9/26/2021,,,
9/27/2021,64.55,1750.15,0.98
9/28/2021,64.15,1736.95,1.02
9/29/2021,65.25,1731.4,1.01
9/30/2021,66.75,1760.95,0.98
10/1/2021,,1756.1,0.93
10/2/2021,,,
10/3/2021,,,
10/4/2021,65.75,1764.6,0.95
10/5/2021,65.8,1754.6,0.98
10/6/2021,65.15,1756.89,0.99
10/7/2021,65.9,1758.75,1.02
10/8/2021,66.5,1759.45,1.05
10/9/2021,,,
10/10/2021,,,
10/11/2021,66.7,1758,0
10/12/2021,67.25,1763.21,1.08
10/13/2021,,1792.7,1.09
10/14/2021,,1797.15,1.05
10/15/2021,68.4,1773.45,1.13
10/16/2021,,,
10/17/2021,,,
10/18/2021,68.2,1767.9,1.16
10/19/2021,68.4,1772.55,1.17
10/20/2021,68.1,1783.66,1.16
10/21/2021,67.9,1780.5,1.23
10/22/2021,68.4,1806.38,1.22
10/23/2021,,,
10/24/2021,,,
10/25/2021,68.55,1806.97,1.19
10/26/2021,68.15,1788,1.2
10/27/2021,68.4,1792.35,1.16
10/28/2021,69.5,1801.15,1.18
10/29/2021,69,1776.81,1.18
10/30/2021,,,
10/31/2021,,,
11/1/2021,68.65,1790.55,1.2
11/2/2021,68.6,1789.11,1.15
11/3/2021,67.9,1762.85,1.19
11/4/2021,68.75,1792.59,1.1
11/5/2021,68.7,1810.47,1.04
11/6/2021,,,
11/7/2021,,,
11/8/2021,69.75,1822.59,1.13
11/9/2021,69.5,1824,1.08
11/10/2021,70.4,1854.66,1.23
11/11/2021,71.95,1860.5,0
11/12/2021,71.5,1862.36,1.24
11/13/2021,,,
11/14/2021,,,
11/15/2021,71.5,1860.55,1.26
11/16/2021,71.85,1861.25,1.27
11/17/2021,71.1,1863.82,1.24
11/18/2021,71.2,1861.35,1.22
11/19/2021,71.45,1859.66,1.22
11/20/2021,,,
11/21/2021,,,
11/22/2021,69.75,1821,1.33
11/23/2021,69.85,1782.94,1.33
11/24/2021,70.75,1784.54,1.34
11/25/2021,71.05,1789.82,0
11/26/2021,69.3,1799.35,1.16
11/27/2021,,,
11/28/2021,,,
11/29/2021,68.7,1786.23,1.18
11/30/2021,67.6,1780.05,1.14
12/1/2021,66.5,1786.6,1.15
12/2/2021,67,1765.79,1.21
12/3/2021,66.6,1774.9,1.13
12/4/2021,,,
12/5/2021,,,
12/6/2021,67.15,1780.04,1.21
12/7/2021,66.9,1783.11,1.26
12/8/2021,67.15,1782.27,1.27
12/9/2021,68.05,1779.2,1.26
12/10/2021,67.65,1784.9,1.25
12/11/2021,,,
12/12/2021,,,
12/13/2021,67.35,1788.2,1.21
12/14/2021,67.3,1775.32,1.23
12/15/2021,67.35,1767.38,1.26
12/16/2021,67.65,1797,1.19
12/17/2021,66.75,1803.45,1.18
12/18/2021,,,
12/19/2021,,,
12/20/2021,66,1795.3,1.17
12/21/2021,66.2,1786.9,1.24
12/22/2021,66.45,1799.18,1.23
12/23/2021,66.75,1807.9,1.25
12/24/2021,67.85,1808.4,0
12/25/2021,,,
12/26/2021,,,
12/27/2021,,1812.46,1.26
12/28/2021,67.9,1809.9,1.27
12/29/2021,67.95,1803.35,1.29
12/30/2021,68.6,1810.1,1.27
12/31/2021,68.65,1822.39,1.26
1/1/2022,,,
1/2/2022,,,
1/3/2022,68.65,1800.3,1.37
1/4/2022,69.35,1813.95,1.37
1/5/2022,68.6,1824.6,1.43
1/6/2022,68,1792.45,1.47
1/7/2022,67.9,1791.65,1.5
1/8/2022,,,
1/9/2022,,,
1/10/2022,67.9,1794.95,1.53
1/11/2022,67.35,1813.35,1.51
1/12/2022,67.1,1821.81,1.5
1/13/2022,66.9,1815.59,1.47
1/14/2022,67.15,1821.25,1.55
1/15/2022,,,
1/16/2022,,,
1/17/2022,67.05,1818.73,0
1/18/2022,66.95,1815.7,1.65
1/19/2022,67,1840.16,1.62
1/20/2022,68.15,1844.8,1.62
1/21/2022,68.85,1832.12,1.54
1/22/2022,,,
1/23/2022,,,
1/24/2022,68.75,1834.69,1.53
1/25/2022,68,1847.28,1.56
1/26/2022,68.05,1833.31,1.66
1/27/2022,67.6,1797,1.66
1/28/2022,66.75,1784.65,1.61
1/29/2022,,,
1/30/2022,,,
1/31/2022,66.75,1796.65,1.62
2/1/2022,,1806.36,1.63
2/2/2022,,1809.15,1.6
2/3/2022,,1804.9,1.66
2/4/2022,67.05,1803.92,1.78
2/5/2022,,,
2/6/2022,,,
2/7/2022,67.2,1815.07,1.76
2/8/2022,67.7,1826.35,1.81
2/9/2022,68.3,1830.5,1.82
2/10/2022,68,1839.18,1.96
2/11/2022,66.8,1833.51,1.84
2/12/2022,,,
2/13/2022,,,
2/14/2022,66.5,1866.37,1.9
2/15/2022,66.5,1849.15,1.94
2/16/2022,66.55,1862.07,1.9
2/17/2022,65.65,1895.61,1.85
2/18/2022,65.95,1895.4,1.82
2/19/2022,,,
2/20/2022,,,
2/21/2022,65.45,1896.39,0
2/22/2022,64.75,1899.1,1.85
2/23/2022,65,1906.95,1.89
2/24/2022,63.8,1925,1.84
2/25/2022,63.5,1887.3,1.86
2/26/2022,,,
2/27/2022,,,
2/28/2022,63.1,1903.75,1.71
3/1/2022,62.3,1925.55,1.56
3/2/2022,61.75,1919.1,1.74
3/3/2022,61.9,1926.45,1.74
3/4/2022,61.05,1961.1,1.65
3/5/2022,,,
3/6/2022,,,
3/7/2022,60.6,1979.83,1.71
3/8/2022,62.4,2056.1,1.8
3/9/2022,63.25,2001.75,1.87
3/10/2022,63.7,1997.1,1.92
3/11/2022,64.35,1983.2,1.96
3/12/2022,,,
3/13/2022,,,
3/14/2022,64.1,1956.35,2.1
3/15/2022,62.7,1925.05,2.1
3/16/2022,62.75,1909.91,2.18
3/17/2022,65.55,1943.15,2.17
3/18/2022,65.65,1930.48,2.14
3/19/2022,,,
3/20/2022,,,
3/21/2022,66.6,1937.17,2.33
3/22/2022,67.15,1919.93,2.39
3/23/2022,66.35,1929.93,2.34
3/24/2022,66.55,1962.8,2.37
3/25/2022,67.35,1958.8,2.55
3/26/2022,,,
3/27/2022,,,
3/28/2022,67.25,1937.25,2.54
3/29/2022,67.3,1911.05,2.49
3/30/2022,67.65,1937.4,2.44
3/31/2022,67,1941.15,2.42
4/1/2022,67.65,1927.5,2.55
4/2/2022,,,
4/3/2022,,,
4/4/2022,67.6,1933.91,2.56
4/5/2022,,1930.83,2.69
4/6/2022,67.85,1928.85,2.7
4/7/2022,68,1932.9,2.7
4/8/2022,68.85,1942.86,2.76
4/9/2022,,,
4/10/2022,,,
4/11/2022,68.1,1952.79,2.79
4/12/2022,67.45,1975.63,2.66
4/13/2022,67.3,1977.17,2.66
4/14/2022,67.6,1968.75,2.79
4/15/2022,,1968.75,0
4/16/2022,,,
4/17/2022,,,
4/18/2022,,1984.13,2.79
4/19/2022,69.15,1953.22,2.91
4/20/2022,67.95,1953,2.87
4/21/2022,68,1944.5,2.96
4/22/2022,67.95,1928.45,2.94
4/23/2022,,,
4/24/2022,,,
4/25/2022,68,1898.4,2.84
4/26/2022,67.9,1905.32,2.79
4/27/2022,67.2,1885.36,2.81
4/28/2022,67.85,1887.25,2.86
4/29/2022,68.1,1908.49,2.92
4/30/2022,,,
5/1/2022,,,
5/2/2022,,1860.96,3.01
5/3/2022,67.25,1876.4,3.01
5/4/2022,67.75,1867.43,2.93
5/5/2022,67.1,1880.85,3.01
5/6/2022,67,1885.9,3.06
5/7/2022,,,
5/8/2022,,,
5/9/2022,,1861.81,2.95
5/10/2022,66.4,1845.95,2.91
5/11/2022,66.5,1849.36,2.89
5/12/2022,66.55,1841.65,2.81
5/13/2022,68.35,1815.18,2.89
5/14/2022,,,
5/15/2022,,,
5/16/2022,68.4,1813.11,2.83
5/17/2022,68.75,1821.8,2.96
5/18/2022,68.65,1815.98,2.89
5/19/2022,68.85,1845.77,2.84
5/20/2022,70.3,1843.73,2.8
5/21/2022,,,
5/22/2022,,,
5/23/2022,69.85,1854.35,2.88
5/24/2022,69.65,1866.3,2.76
5/25/2022,69.75,1849.95,2.71
5/26/2022,69.95,1845.32,2.7
5/27/2022,70.35,1852.17,2.71
5/28/2022,,,
5/29/2022,,,
5/30/2022,71.3,1857.22,0
5/31/2022,71.05,1845.14,2.81
6/1/2022,71.2,1843.85,2.94
6/2/2022,71.3,1868,2.92
6/3/2022,,1868,2.95
6/4/2022,,,
6/5/2022,,,
6/6/2022,72,1843.79,3.03
6/7/2022,70.9,1851.45,2.99
6/8/2022,70.3,1858.08,3.03
6/9/2022,69.75,1843.42,3.07
6/10/2022,69.1,1858.4,3.25
6/11/2022,,,
6/12/2022,,,
6/13/2022,68.8,1826.24,3.56
6/14/2022,68.4,1813.55,3.61
6/15/2022,68.15,1821.95,3.38
6/16/2022,65.2,1835.51,3.35
6/17/2022,63.2,1840.35,3.34
6/18/2022,,,
6/19/2022,,,
6/20/2022,63.4,1837.75,0
6/21/2022,64.5,1838.5,3.38
6/22/2022,63.35,1839.6,3.22
6/23/2022,63.4,1841.05,3.14
6/24/2022,63.75,1828.5,3.18
6/25/2022,,,
6/26/2022,,,
6/27/2022,64.8,1824.7,3.24
6/28/2022,65.25,1820.4,3.25
6/29/2022,65.05,1816.64,3.15
6/30/2022,64,1806.87,3.01
7/1/2022,,1807.5,2.88
7/2/2022,,,
7/3/2022,,,
7/4/2022,63.6,1807.8,0
7/5/2022,63.65,1767.85,2.82
7/6/2022,64.4,1738.95,2.96
7/7/2022,64.75,1741.4,3.05
7/8/2022,64.85,1745.9,3.13
7/9/2022,,,
7/10/2022,,,
7/11/2022,64.15,1737.9,3.05
7/12/2022,63.9,1732.39,3.01
7/13/2022,64.8,1744.9,3.02
7/14/2022,64.3,1706.16,3.06
7/15/2022,64,1705.3,3.05
7/16/2022,,,
7/17/2022,,,
7/18/2022,64.85,1711.22,3.06
7/19/2022,64.35,1713.92,3.14
7/20/2022,64.3,1708.51,3.18
7/21/2022,63.3,1713.9,3
7/22/2022,63.85,1730.95,2.87
7/23/2022,,,
7/24/2022,,,
7/25/2022,64.4,1717.13,2.89
7/26/2022,64.8,1719.05,2.89
7/27/2022,64.75,1716.77,2.82
7/28/2022,65.15,1753.25,2.69
7/29/2022,65.7,1764.24,2.7
7/30/2022,,,
7/31/2022,,,
8/1/2022,66.25,1765.57,2.66
8/2/2022,64.95,1777.14,2.85
8/3/2022,64.6,1757.41,2.86
8/4/2022,65.6,1786.31,2.76
8/5/2022,66.1,1775.83,2.97
8/6/2022,,,
8/7/2022,,,
8/8/2022,66.1,1786.87,2.91
8/9/2022,65.55,1792.65,2.97
8/10/2022,65.05,1800.03,2.93
8/11/2022,66.15,1788.3,2.98
8/12/2022,66.4,1794.5,2.97
8/13/2022,,,
8/14/2022,,,
8/15/2022,65.75,1779.04,2.91
8/16/2022,64.9,1777.2,2.95
8/17/2022,64.9,1762.75,3.04
8/18/2022,64.05,1761.08,3.02
8/19/2022,63.15,1749.55,3.11
8/20/2022,,,
8/21/2022,,,
8/22/2022,62.95,1736.22,3.17
8/23/2022,61.7,1752,3.18
8/24/2022,61,1753.77,3.2
8/25/2022,61.55,1757.19,3.15
8/26/2022,61.75,1736.75,3.2
8/27/2022,,,
8/28/2022,,,
8/29/2022,61.6,1740.33,3.27
8/30/2022,61.4,1725,3.27
8/31/2022,60.85,1719.56,3.3
9/1/2022,60.8,1697.75,3.39
9/2/2022,61.9,1716.6,3.3
9/3/2022,,,
9/4/2022,,,
9/5/2022,61.85,1711.35,0
9/6/2022,61.7,1704.55,3.43
9/7/2022,62.05,1712.33,3.37
9/8/2022,62.2,1706.86,3.39
9/9/2022,62.3,1714.4,3.45
9/10/2022,,,
9/11/2022,,,
9/12/2022,,1729.6,3.47
9/13/2022,62.85,1704.5,3.58
9/14/2022,61.4,1705.15,3.6
9/15/2022,61.1,1667.1,3.66
9/16/2022,61.65,1675.2,3.62
9/17/2022,,,
9/18/2022,,,
9/19/2022,62.25,1674.28,3.69
9/20/2022,62.95,1666.4,3.75
9/21/2022,62.05,1668.1,3.74
9/22/2022,61.35,1669.6,3.91
9/23/2022,60.95,1643.85,3.96
9/24/2022,,,
9/25/2022,,,
9/26/2022,59.15,1644.2,4.15
9/27/2022,56.65,1635.05,4.21
9/28/2022,54.55,1652.2,3.92
9/29/2022,54.25,1657.45,3.98
9/30/2022,54.9,1674.06,4.06
10/1/2022,,,
10/2/2022,,,
10/3/2022,54.75,1691.4,3.9
10/4/2022,,1724.5,3.84
10/5/2022,56,1708.05,3.96
10/6/2022,54.95,1712.15,4.05
10/7/2022,54.85,1702.29,4.14
10/8/2022,,,
10/9/2022,,,
10/10/2022,53.15,1668.1,0
10/11/2022,53.3,1671.35,4.14
10/12/2022,52.25,1669,4.12
10/13/2022,52.05,1653.75,4.21
10/14/2022,51.5,1647.2,4.25
10/15/2022,,,
10/16/2022,,,
10/17/2022,51.9,1660.9,4.24
10/18/2022,52.6,1651.73,4.21
10/19/2022,51.6,1634.23,4.35
10/20/2022,51,1645.03,4.45
10/21/2022,48.6,1642.4,4.34
10/22/2022,,,
10/23/2022,,,
10/24/2022,47.8,1647.7,4.36
10/25/2022,47.15,1654.75,4.25
10/26/2022,48.1,1671.55,4.2
10/27/2022,47.9,1663.85,4.09
10/28/2022,48.45,1641.2,4.19
10/29/2022,,,
10/30/2022,,,
10/31/2022,46.4,1638.03,4.27
11/1/2022,47.9,1645.14,4.27
11/2/2022,49.3,1647.53,4.3
11/3/2022,48.8,1628,4.36
11/4/2022,49.8,1673.4,4.33
11/5/2022,,,
11/6/2022,,,
11/7/2022,51.75,1679.35,4.39
11/8/2022,51.85,1698.8,4.31
11/9/2022,49.8,1716.59,4.27
11/10/2022,50.95,1746.93,3.95
11/11/2022,54.45,1762.55,0
11/12/2022,,,
11/13/2022,,,
11/14/2022,55,1774.78,4
11/15/2022,56.5,1770.22,3.93
11/16/2022,56.1,1775.2,3.83
11/17/2022,55.75,1760.05,3.93
11/18/2022,55.1,1754.26,3.99
11/19/2022,,,
11/20/2022,,,
11/21/2022,53.3,1736.85,3.97
11/22/2022,53.15,1744.25,3.93
11/23/2022,50.65,1739.85,3.88
11/24/2022,51.6,1756.11,0
11/25/2022,51.85,1749.74,3.85
11/26/2022,,,
11/27/2022,,,
11/28/2022,50.95,1749.03,3.88
11/29/2022,52.6,1753.2,3.92
11/30/2022,52.5,1751.94,3.82
12/1/2022,53.3,1799.98,3.68
12/2/2022,52,1789.75,3.67
12/3/2022,,,
12/4/2022,,,
12/5/2022,52.6,1778.21,3.8
12/6/2022,53.15,1774.54,3.73
12/7/2022,52.5,1776.88,3.62
12/8/2022,54.4,1788.01,3.71
12/9/2022,55.5,1798.42,3.75
12/10/2022,,,
12/11/2022,,,
12/12/2022,55.4,1782.25,3.8
12/13/2022,57.55,1813.45,3.66
12/14/2022,56.9,1811.05,3.64
12/15/2022,55.75,1777.45,3.62
12/16/2022,55.65,1789.78,3.61
12/17/2022,,,
12/18/2022,,,
12/19/2022,55.35,1785.97,3.7
12/20/2022,55,1817.3,3.79
12/21/2022,55.15,1816.42,3.78
12/22/2022,56.35,1796.1,3.79
12/23/2022,56.25,1802.61,3.86
12/24/2022,,,
12/25/2022,,,
12/26/2022,,1798.24,0
12/27/2022,,1823.91,3.94
12/28/2022,56.6,1797.94,3.97
12/29/2022,56.8,1812.36,3.94
12/30/2022,57.3,1815.64,3.99
12/31/2022,,,
1/1/2023,,,
1/2/2023,,1823.95,0
1/3/2023,58.2,1829.95,3.94
1/4/2023,60,1859.3,3.85
1/5/2023,60.85,1830.69,3.9
1/6/2023,59.05,1862.21,3.69
1/7/2023,,,
1/8/2023,,,
1/9/2023,59.2,1875.23,3.66
1/10/2023,59.95,1875.29,3.72
1/11/2023,59.45,1870.17,3.66
1/12/2023,61.2,1890.77,3.53
1/13/2023,61.45,1911.17,3.6
1/14/2023,,,
1/15/2023,,,
1/16/2023,63.1,1915.93,0
1/17/2023,62.8,1910.61,3.6
1/18/2023,62.55,1912.42,3.43
1/19/2023,63.4,1920.24,3.48
1/20/2023,63.55,1928.55,3.56
1/21/2023,,,
1/22/2023,,,
1/23/2023,,1924.71,3.61
1/24/2023,,1934.8,3.58
1/25/2023,,1929.6,3.54
1/26/2023,63.8,1926.83,3.58
1/27/2023,63.95,1928.09,3.62
1/28/2023,,,
1/29/2023,,,
1/30/2023,64.3,1924.61,3.68
1/31/2023,62.7,1928.19,3.63
2/1/2023,62.9,1929.99,3.48
2/2/2023,64.3,1923.15,3.49
2/3/2023,64.65,1870.38,3.67
2/4/2023,,,
2/5/2023,,,
2/6/2023,62.9,1867.15,3.81
2/7/2023,62.6,1875.17,3.85
2/8/2023,63.5,1875.37,3.82
2/9/2023,62.8,1874.28,3.87
2/10/2023,62.8,1860.06,3.93
2/11/2023,,,
2/12/2023,,,
2/13/2023,54.75,1852.97,3.93
2/14/2023,54,1850.15,4
2/15/2023,53.8,1834.27,4.04
2/16/2023,53.75,1832.97,4.06
2/17/2023,53.05,1837.4,4.03
2/18/2023,,,
2/19/2023,,,
2/20/2023,52.35,1843.77,0
2/21/2023,52.75,1835.6,4.16
2/22/2023,53.2,1835.13,4.13
2/23/2023,53.2,1820.69,4.09
2/24/2023,50.1,1809.85,4.19
2/25/2023,,,
2/26/2023,,,
2/27/2023,50.85,1814.06,4.17
2/28/2023,51.6,1825.97,4.18
3/1/2023,51.8,1838.55,4.27
3/2/2023,51.15,1836.85,4.32
3/3/2023,50.7,1846.15,4.26
3/4/2023,,,
3/5/2023,,,
3/6/2023,50.9,1851.29,4.27
3/7/2023,50,1819.4,4.31
3/8/2023,48.8,1820.8,4.34
3/9/2023,48,1827.89,4.22
3/10/2023,47.5,1859.13,3.96
3/11/2023,,,
3/12/2023,,,
3/13/2023,48.7,1904.78,3.68
3/14/2023,48.65,1904.15,3.78
3/15/2023,48.5,1929.14,3.59
3/16/2023,49.7,1918.06,3.72
3/17/2023,50.1,1961.15,3.44
3/18/2023,,,
3/19/2023,,,
3/20/2023,49.65,1978.47,3.56
3/21/2023,49.4,1946.34,3.73
3/22/2023,50,1946.39,3.54
3/23/2023,50.1,1988.08,3.39
3/24/2023,50.1,1993.15,3.41
3/25/2023,,,
3/26/2023,,,
3/27/2023,50.35,1958.08,3.59
3/28/2023,50.05,1969.62,3.63
3/29/2023,49.85,1965.52,3.67
3/30/2023,50.4,1974.42,3.66
3/31/2023,50.5,1976.5,3.6
4/1/2023,,,
4/2/2023,,,
4/3/2023,50.8,1986.27,3.52
4/4/2023,50.65,2021.85,3.39
4/5/2023,,2017.25,3.36
4/6/2023,50.9,2009.6,3.37
4/7/2023,,2008.37,3.49
4/8/2023,,,
4/9/2023,,,
4/10/2023,,1989.27,3.52
4/11/2023,51.05,2004.39,3.54
4/12/2023,51.6,2007.09,3.46
4/13/2023,51.55,2037.33,3.51
4/14/2023,51.45,1998.71,3.6
4/15/2023,,,
4/16/2023,,,
4/17/2023,51.55,1990.75,3.69
4/18/2023,51.7,2008.25,3.69
4/19/2023,51.35,1993.72,3.71
4/20/2023,50.65,2000.17,3.63
4/21/2023,50.55,1978.07,3.66
4/22/2023,,,
4/23/2023,,,
4/24/2023,50.4,1984.49,3.6
4/25/2023,50,1987.51,3.43
4/26/2023,50.55,1995.05,3.46
4/27/2023,51,1984.83,3.6
4/28/2023,51.2,1990.4,3.51
4/29/2023,,,
4/30/2023,,,
5/1/2023,,1983.26,3.64
5/2/2023,50.8,2012.45,3.46
5/3/2023,50.75,2022.39,3.37
5/4/2023,51.25,2047.01,3.29
5/5/2023,51.55,2011.6,3.41
5/6/2023,,,
5/7/2023,,,
5/8/2023,52.05,2023.41,3.49
5/9/2023,50.65,2026.14,3.51
5/10/2023,50.25,2022.62,3.37
5/11/2023,50,2020.3,3.36
5/12/2023,49.55,2010.3,3.45
5/13/2023,,,
5/14/2023,,,
5/15/2023,50.5,2014.98,3.46
5/16/2023,50.7,1999.15,3.52
5/17/2023,50.05,1980.6,3.58
5/18/2023,49.75,1953.7,3.69
5/19/2023,49.7,1967.25,3.76
5/20/2023,,,
5/21/2023,,,
5/22/2023,49.4,1972.65,3.77
5/23/2023,49.3,1967.3,3.76
5/24/2023,49.2,1969.12,3.75
5/25/2023,48.55,1944.8,3.9
5/26/2023,,1940.4,3.92
5/27/2023,,,
5/28/2023,,,
5/29/2023,47.7,1946.84,0
5/30/2023,47.3,1958.3,3.81
5/31/2023,45.5,1971.45,3.74
6/1/2023,45.8,1979,3.7
6/2/2023,47.15,1965.02,3.84
6/3/2023,,,
6/4/2023,,,
6/5/2023,48.1,1957.45,3.82
6/6/2023,47.65,1959.4,3.85
6/7/2023,47.3,1958,3.93
6/8/2023,46.8,1968.32,3.87
6/9/2023,47.3,1963.48,3.92
6/10/2023,,,
6/11/2023,,,
6/12/2023,47.4,1956.45,3.89
6/13/2023,47.2,1950.9,4.01
6/14/2023,46.75,1957.7,4.06
6/15/2023,45.35,1952.6,3.91
6/16/2023,46.25,1959.35,3.99
6/17/2023,,,
6/18/2023,,,
6/19/2023,46.4,1952.55,0
6/20/2023,46.05,1935.8,3.96
6/21/2023,45.25,1930.2,3.95
6/22/2023,,1935.8,4.03
6/23/2023,44.1,1924.05,3.99
6/24/2023,,,
6/25/2023,,,
6/26/2023,43.6,1925.86,3.96
6/27/2023,44.1,1915.05,4.02
6/28/2023,44.2,1909.55,3.97
6/29/2023,43.65,1911.45,4.14
6/30/2023,43.5,1916,4.13
7/1/2023,,,
7/2/2023,,,
7/3/2023,44.1,1927.34,4.19
7/4/2023,44.35,1927.3,0
7/5/2023,43.65,1923.71,4.25
7/6/2023,43.25,1909.92,4.37
7/7/2023,41.95,1929.5,4.35
7/8/2023,,,
7/9/2023,,,
7/10/2023,42,1922.4,4.25
7/11/2023,42.3,1932.05,4.24
7/12/2023,42.45,1953.65,4.07
7/13/2023,43.65,1959.9,3.93
7/14/2023,43.75,1959.25,4.04
7/15/2023,,,
7/16/2023,,,
7/17/2023,,1953.35,4.02
7/18/2023,43.15,1982.75,4
7/19/2023,43.15,1976.05,3.98
7/20/2023,43.9,1970.1,4.08
7/21/2023,44.15,1960.65,4.09
7/22/2023,,,
7/23/2023,,,
7/24/2023,43.2,1960.6,4.13
7/25/2023,43.75,1962.04,4.15
7/26/2023,44.05,1970.95,4.09
7/27/2023,44.85,1945.01,4.24
7/28/2023,44.1,1960.75,4.18
7/29/2023,,,
7/30/2023,,,
7/31/2023,43.65,1968.4,4.18
8/1/2023,43.2,1943.1,4.24
8/2/2023,42.5,1934.6,4.24
8/3/2023,42.3,1936.25,4.3
8/4/2023,42,1939.75,4.15
8/5/2023,,,
8/6/2023,,,
8/7/2023,42.35,1934.3,4.16
8/8/2023,41.8,1927.5,4.1
8/9/2023,41.3,1917.56,4.12
8/10/2023,40.5,1913.85,4.21
8/11/2023,39.7,1917.85,4.31
8/12/2023,,,
8/13/2023,,,
8/14/2023,38.35,1908.65,4.36
8/15/2023,38.65,1908.2,4.36
8/16/2023,39.1,1903.9,4.42
8/17/2023,39.25,1895.25,4.42
8/18/2023,38.3,1892.45,4.38
8/19/2023,,,
8/20/2023,,,
8/21/2023,37.9,1888.35,4.46
8/22/2023,37.65,1897.05,4.49
8/23/2023,37.4,1917.1,4.36
8/24/2023,38.75,1921.15,4.39
8/25/2023,38.5,1905.05,4.44
8/26/2023,,,
8/27/2023,,,
8/28/2023,38.15,1919.29,4.38
8/29/2023,38.65,1934.7,4.26
8/30/2023,39.55,1945.6,4.27
8/31/2023,38.9,1942.45,4.23
9/1/2023,,1939.25,4.29
9/2/2023,,,
9/3/2023,,,
9/4/2023,39.65,1938.39,0
9/5/2023,38.9,1928.8,4.37
9/6/2023,38.75,1916.7,4.44
9/7/2023,38.55,1917.8,4.38
9/8/2023,,1921.95,4.39
9/9/2023,,,
9/10/2023,,,
9/11/2023,37.75,1921.9,4.4
9/12/2023,37.6,1912.97,4.41
9/13/2023,38.1,1912.47,4.39
9/14/2023,37.3,1911.2,4.42
9/15/2023,37.85,1928.05,4.45
9/16/2023,,,
9/17/2023,,,
9/18/2023,37.45,1926.85,4.46
9/19/2023,37.6,1933.7,4.51
9/20/2023,37.8,1945.35,4.52
9/21/2023,36.8,1919.86,4.61
9/22/2023,38,1927.45,4.57
9/23/2023,,,
9/24/2023,,,
9/25/2023,37.3,1917.05,4.62
9/26/2023,36.8,1904.15,4.62
9/27/2023,36.65,1883.4,4.67
9/28/2023,36.95,1860.09,4.62
9/29/2023,38.4,1856.75,4.6
9/30/2023,,,
10/1/2023,,,
10/2/2023,,1830.35,4.72
10/3/2023,36.15,1825.55,4.8
10/4/2023,36.55,1823,4.72
10/5/2023,36.65,1818.4,4.68
10/6/2023,37.2,1829.8,4.75
10/7/2023,,,
10/8/2023,,,
10/9/2023,36.9,1852.3,0
10/10/2023,37.5,1858.25,4.62
10/11/2023,37.7,1870.51,4.59
10/12/2023,38.25,1873.05,4.69
10/13/2023,37.1,1919.3,4.65
10/14/2023,,,
10/15/2023,,,
10/16/2023,36.85,1920.9,4.72
10/17/2023,37.4,1926.15,4.86
10/18/2023,37,1941.4,4.92
10/19/2023,35.95,1954.55,4.95
10/20/2023,35.45,1993.85,4.86
10/21/2023,,,
10/22/2023,,,
10/23/2023,,1977.45,4.81
10/24/2023,35.6,1961.75,4.82
10/25/2023,35.9,1975.25,4.89
10/26/2023,35.6,1980.25,4.79
10/27/2023,36.1,1981.9,4.76
10/28/2023,,,
10/29/2023,,,
10/30/2023,36.4,1997.8,4.8
10/31/2023,35.9,1995.9,4.82
11/1/2023,35.85,1985.15,4.67
11/2/2023,38.25,1983.85,4.65
11/3/2023,39.7,1995.41,4.49
11/4/2023,,,
11/5/2023,,,
11/6/2023,39.5,1984.05,4.6
11/7/2023,37.9,1963.85,4.53
11/8/2023,38.4,1958.4,4.51
11/9/2023,39.5,1959.85,4.65
11/10/2023,38.55,1946.7,4.65
11/11/2023,,,
11/12/2023,,,
11/13/2023,38.15,1935.95,4.66
11/14/2023,38.75,1968.7,4.42
11/15/2023,40.95,1958.4,4.52
11/16/2023,40.35,1982.65,4.43
11/17/2023,39.85,1980.95,4.45
11/18/2023,,,
11/19/2023,,,
11/20/2023,38.8,1974.4,4.44
11/21/2023,39.7,2002.55,4.41
11/22/2023,40,1994.25,4.44
11/23/2023,40.3,1990.41,0
11/24/2023,39.8,1998.85,4.49
11/25/2023,,,
11/26/2023,,,
11/27/2023,39.3,2008.95,4.38
11/28/2023,38.85,2034.55,4.29
11/29/2023,38.9,2041.44,4.22
11/30/2023,38.6,2037.8,4.31
12/1/2023,38.5,2056.15,4.14
12/2/2023,,,
12/3/2023,,,
12/4/2023,38.6,2026.45,4.23
12/5/2023,37.75,2016.3,4.14
12/6/2023,38.2,2029.2,4.12
12/7/2023,37.75,2030,4.11
12/8/2023,37.9,2004.2,4.24
12/9/2023,,,
12/10/2023,,,
12/11/2023,38.25,1982.35,4.25
12/12/2023,38.45,1983.19,4.23
12/13/2023,38.5,1982.05,4
12/14/2023,40.3,2040.25,3.9
12/15/2023,42,2035.25,3.91
12/16/2023,,,
12/17/2023,,,
12/18/2023,41.85,2022.4,3.94
12/19/2023,42.55,2043.8,3.94
12/20/2023,42.55,2034.65,3.86
12/21/2023,43.4,2042.65,3.87
12/22/2023,43.2,2061.35,3.87
12/23/2023,,,
12/24/2023,,,
12/25/2023,,2061.35,0
12/26/2023,,2057.6,3.89
12/27/2023,43.55,2078.95,3.78
12/28/2023,43.85,2075.2,3.83
12/29/2023,43.85,2065.45,3.84
12/30/2023,,,
12/31/2023,,,
1/1/2024,,2065.45,0
1/2/2024,43.75,2066.55,3.93
1/3/2024,43.5,2033.85,3.9
1/4/2024,42.9,2045.2,3.97
1/5/2024,43.25,2056.05,4.02
1/6/2024,,,
1/7/2024,,,
1/8/2024,42.55,2036.45,3.97
1/9/2024,42.75,2027.45,3.97
1/10/2024,42.5,2026.15,3.99
1/11/2024,42.55,2025.5,3.9
1/12/2024,42.65,2052.7,3.84
1/13/2024,,,
1/14/2024,,,
1/15/2024,42.6,2053.74,0
1/16/2024,42.3,2035.8,3.95
1/17/2024,40.35,2010.2,4.02
1/18/2024,40.75,2014.45,4.04
1/19/2024,40.45,2027.25,4.08
1/20/2024,,,
1/21/2024,,,
1/22/2024,38.9,2021.91,4.03
1/23/2024,39.15,2026.23,4.06
1/24/2024,39.6,2013.6,4.06
1/25/2024,39.2,2019.8,4.01
1/26/2024,39.4,2016.55,4.04
1/27/2024,,,
1/28/2024,,,
1/29/2024,39.05,2025.53,3.97
1/30/2024,39.4,2033.38,4
1/31/2024,39.2,2048.35,3.91
2/1/2024,39.55,2059.85,3.8
2/2/2024,39.8,2035.4,3.99
2/3/2024,,,
2/4/2024,,,
2/5/2024,39.3,2019.55,4.13
2/6/2024,39.4,2036.72,4.03
2/7/2024,39.5,2040.9,4.06
2/8/2024,38.4,2030.71,4.12
2/9/2024,38.3,2021.35,4.14
2/10/2024,,,
2/11/2024,,,
2/12/2024,,2013.85,4.13
2/13/2024,,1994.81,4.31
2/14/2024,37.35,1989.3,4.25
2/15/2024,38,2000.55,4.22
2/16/2024,38.6,2010.1,4.29
2/17/2024,,,
2/18/2024,,,
2/19/2024,37.8,2014.8,0
2/20/2024,38,2026.66,4.25
2/21/2024,38.25,2024.55,4.3
2/22/2024,38.4,2022.87,4.33
2/23/2024,38.5,2033.4,4.28
2/24/2024,,,
2/25/2024,,,
2/26/2024,38.7,2027.45,4.29
2/27/2024,38.25,2032.7,4.32
2/28/2024,39,2032.4,4.26
2/29/2024,38.95,2045.45,4.26
3/1/2024,38.05,2073.6,4.17
3/2/2024,,,
3/3/2024,,,
3/4/2024,37.75,2115.55,4.21
3/5/2024,36.65,2127.1,4.13
3/6/2024,36.6,2145.9,4.12
3/7/2024,36.6,2151.75,4.07
3/8/2024,36.7,2173.25,4.06
3/9/2024,,,
3/10/2024,,,
3/11/2024,36.95,2184.65,4.08
3/12/2024,37.55,2163.1,4.15
3/13/2024,36.9,2170.85,4.19
3/14/2024,37.15,2158.4,4.29
3/15/2024,36.55,2162.05,4.33
3/16/2024,,,
3/17/2024,,,
3/18/2024,36.2,2156.45,4.36
3/19/2024,35.75,2154.14,4.31
3/20/2024,35.4,2157.2,4.25
3/21/2024,35.9,2176.85,4.26
3/22/2024,34.7,2166.41,4.2
3/23/2024,,,
3/24/2024,,,
3/25/2024,34.4,2176.36,4.23
3/26/2024,33.85,2176.22,4.22
3/27/2024,34.3,2190.84,4.18
3/28/2024,33.65,2214.3,4.21
3/29/2024,,2214.3,0
3/30/2024,,,
3/31/2024,,,
4/1/2024,,2235.12,4.34
4/2/2024,33.4,2258.93,4.35
4/3/2024,33.95,2282.97,4.34
4/4/2024,,2292.47,4.3
4/5/2024,33.95,2323.04,4.38
4/6/2024,,,
4/7/2024,,,
4/8/2024,34.55,2330.31,4.43
4/9/2024,34.4,2346.17,4.37
4/10/2024,34.4,2332.05,4.61
4/11/2024,33.35,2339.12,4.61
4/12/2024,32.2,2412.97,4.54
4/13/2024,,,
4/14/2024,,,
4/15/2024,32.25,2346.2,4.65
4/16/2024,31.25,2386.23,4.69
4/17/2024,31.05,2390.15,4.62
4/18/2024,30.95,2381.02,4.68
4/19/2024,30.85,2394.05,4.66
4/20/2024,,,
4/21/2024,,,
4/22/2024,31.65,2336.49,4.66
4/23/2024,32.95,2319.17,4.63
4/24/2024,33.85,2332.07,4.64
4/25/2024,33.9,2334.59,4.7
4/26/2024,33.9,2333.34,4.68
4/27/2024,,,
4/28/2024,,,
4/29/2024,33.8,2335.16,4.65
4/30/2024,33.85,2296.49,4.72
5/1/2024,,2304.83,4.64
5/2/2024,34.05,2302.13,4.57
5/3/2024,34.2,2293.68,4.48
5/4/2024,,,
5/5/2024,,,
5/6/2024,34.6,2323.06,4.48
5/7/2024,34.85,2316.55,4.48
5/8/2024,34.65,2313.75,4.5
5/9/2024,34.8,2336.76,4.47
5/10/2024,35.4,2361.96,4.52
5/11/2024,,,
5/12/2024,,,
5/13/2024,36.2,2337.43,4.5
5/14/2024,36.1,2350.8,4.46
5/15/2024,,2380.75,4.35
5/16/2024,36.45,2377.58,4.4
5/17/2024,36.45,2408.25,4.44
5/18/2024,,,
5/19/2024,,,
5/20/2024,37.4,2424.37,4.46
5/21/2024,36.35,2431.75,4.43
5/22/2024,34.75,2391.95,4.47
5/23/2024,33.5,2342.31,4.52
5/24/2024,33.2,2339.3,4.53
5/25/2024,,,
5/26/2024,,,
5/27/2024,33.3,2354.54,0
5/28/2024,33.45,2356.12,4.56
5/29/2024,34.7,2340.48,4.63
5/30/2024,33.95,2344.72,4.57
5/31/2024,32.8,2330.65,4.52
6/1/2024,,,
6/2/2024,,,
6/3/2024,33.85,2338.98,4.42
6/4/2024,33.95,2326.79,4.35
6/5/2024,34,2352.38,4.31
6/6/2024,34.1,2370.33,4.29
6/7/2024,33.9,2315.44,4.46
6/8/2024,,,
6/9/2024,,,
6/10/2024,,2304.69,4.48
6/11/2024,32.4,2312.1,4.41
6/12/2024,32.25,2325.74,4.32
6/13/2024,32.65,2309.68,4.24
6/14/2024,32.6,2331.65,4.22
6/15/2024,,,
6/16/2024,,,
6/17/2024,32.45,2323.19,4.3
6/18/2024,32.2,2323.16,4.24
6/19/2024,32.7,2325.51,0
6/20/2024,32.35,2358.69,4.26
6/21/2024,31.85,2332.22,4.26
6/22/2024,,,
6/23/2024,,,
6/24/2024,31.7,2332.42,4.27
6/25/2024,31.55,2324.37,4.25
6/26/2024,31.95,2301.87,4.32
6/27/2024,30,2329.74,4.29
6/28/2024,30.35,2326.3,4.33
6/29/2024,,,
6/30/2024,,,
7/1/2024,,2328.34,4.44
7/2/2024,29.9,2328.8,4.39
7/3/2024,30.4,2363.24,4.33
7/4/2024,30.65,2359.51,0
7/5/2024,30.5,2383.3,4.22
7/6/2024,,,
7/7/2024,,,
7/8/2024,30.1,2373.05,4.23
7/9/2024,30.1,2353.05,4.24
7/10/2024,30.05,2377.17,4.24
7/11/2024,31.1,2418.75,4.13
7/12/2024,33.1,2411.77,4.1
7/13/2024,,,
7/14/2024,,,
7/15/2024,33,2433.6,4.13
7/16/2024,32.5,2456.29,4.09
7/17/2024,32.75,2460.1,4.07
7/18/2024,32.7,2466.5,4.11
7/19/2024,32.15,2407.24,4.16
7/20/2024,,,
7/21/2024,,,
7/22/2024,32.25,2388.1,4.17
7/23/2024,32.1,2405.71,4.15
7/24/2024,32.15,2426.54,4.12
7/25/2024,32.5,2366.13,4.13
7/26/2024,32.5,2382.7,4.06
7/27/2024,,,
7/28/2024,,,
7/29/2024,33.05,2376.7,4.05
7/30/2024,32.75,2390.24,4.03
7/31/2024,33,2421.91,3.97
8/1/2024,34.1,2446.35,3.84
8/2/2024,33.55,2413.88,3.62
8/3/2024,,,
8/4/2024,,,
8/5/2024,34.3,2407.9,3.62
8/6/2024,34.55,2385.84,3.73
8/7/2024,34.75,2400.38,3.79
8/8/2024,34.9,2412.87,3.83
8/9/2024,35.05,2428.21,3.8
8/10/2024,,,
8/11/2024,,,
8/12/2024,34.85,2458.68,3.75
8/13/2024,34.9,2471.1,3.68
8/14/2024,35,2450.7,3.67
8/15/2024,35.05,2457.37,3.79
8/16/2024,34.75,2490,3.77
8/17/2024,,,
8/18/2024,,,
8/19/2024,34.85,2503.81,3.75
8/20/2024,34.8,2511.28,3.7
8/21/2024,34.7,2504.97,3.64
8/22/2024,35,2478.01,3.72
8/23/2024,35.05,2516.05,3.65
8/24/2024,,,
8/25/2024,,,
8/26/2024,36.45,2514.03,3.66
8/27/2024,36.65,2515.83,3.66
8/28/2024,36.5,2506.94,3.63
8/29/2024,36.8,2523.75,3.66
8/30/2024,36.9,2505.28,3.71
8/31/2024,,,
9/1/2024,,,
9/2/2024,36.75,2500.8,0
9/3/2024,36.35,2480.45,3.65
9/4/2024,35.9,2496.18,3.56
9/5/2024,37.2,2507.63,3.54
9/6/2024,,2514.63,3.5
9/7/2024,,,
9/8/2024,,,
9/9/2024,37.25,2495,3.49
9/10/2024,37.25,2509.8,3.43
9/11/2024,37.2,2513.65,3.45
9/12/2024,37.5,2550.44,3.47
9/13/2024,37.8,2574.63,3.43
9/14/2024,,,
9/15/2024,,,
9/16/2024,38.2,2581.2,3.41
9/17/2024,38.8,2575.3,3.44
9/18/2024,,2571.3,3.47
9/19/2024,38.85,2581.85,3.49
9/20/2024,39.3,2614.05,3.48
9/21/2024,,,
9/22/2024,,,
9/23/2024,39,2628.58,3.51
9/24/2024,38.4,2645.54,3.47
9/25/2024,38.85,2660.3,3.52
9/26/2024,38.85,2666.5,3.55
9/27/2024,39.85,2648.24,3.5
9/28/2024,,,
9/29/2024,,,
9/30/2024,39.25,2633.96,3.58
10/1/2024,,2660.62,3.51
10/2/2024,40.35,2641.75,3.55
10/3/2024,39.15,2652.75,3.62
10/4/2024,39.45,2666.66,3.81
10/5/2024,,,
10/6/2024,,,
10/7/2024,39.15,2641.13,3.86
10/8/2024,37.75,2612.4,3.86
10/9/2024,37.7,2615.9,3.91
10/10/2024,38.4,2624.65,3.91
10/11/2024,,2657.38,3.88
10/12/2024,,,
10/13/2024,,,
10/14/2024,38.45,2647.35,0
10/15/2024,37.75,2662.43,3.86
10/16/2024,38,2670.88,3.84
10/17/2024,37.9,2691.7,3.9
10/18/2024,38.25,2718.35,3.88
10/19/2024,,,
10/20/2024,,,
10/21/2024,38.15,2720.82,3.98
10/22/2024,37.55,2743.94,4
10/23/2024,37.2,2710.92,4.05
10/24/2024,36.65,2734.15,4.03
10/25/2024,36.85,2740.38,4.07
10/26/2024,,,
10/27/2024,,,
10/28/2024,36.8,2743.13,4.11
10/29/2024,36.9,2767.5,4.11
10/30/2024,36.6,2784.42,4.14
10/31/2024,36.25,2740.75,4.15
11/1/2024,36.4,2743.41,4.22
11/2/2024,,,
11/3/2024,,,
11/4/2024,36.6,2735.55,4.17
11/5/2024,37.15,2742.16,4.16
11/6/2024,38.05,2668.7,4.27
11/7/2024,36.45,2697.11,4.17
11/8/2024,36.4,2686.3,4.2
11/9/2024,,,
11/10/2024,,,
11/11/2024,36.4,2615.2,0
11/12/2024,36.35,2599.85,4.32
11/13/2024,36,2601.92,4.3
11/14/2024,35.5,2571.72,4.32
11/15/2024,35.15,2572.85,4.3
11/16/2024,,,
11/17/2024,,,
11/18/2024,33.7,2613.07,4.28
11/19/2024,33.45,2625.18,4.25
11/20/2024,33.8,2647.19,4.28
11/21/2024,33.5,2668.76,4.3
11/22/2024,32.95,2706.4,4.3
11/23/2024,,,
11/24/2024,,,
11/25/2024,33.35,2631.4,4.17
11/26/2024,33.7,2629.06,4.17
11/27/2024,33.95,2640.95,4.11
11/28/2024,33.6,2639.96,0
11/29/2024,33.85,2659.45,4.05
11/30/2024,,,
12/1/2024,,,
12/2/2024,34.25,2639.55,4.08
12/3/2024,34.3,2641,4.11
12/4/2024,34.35,2654.11,4.07
12/5/2024,34.1,2640.9,4.07
12/6/2024,34.1,2637.05,4.03
12/7/2024,,,
12/8/2024,,,
12/9/2024,34.5,2667.86,4.07
12/10/2024,34.25,2689.4,4.09
12/11/2024,33.9,2716.18,4.13
12/12/2024,33.7,2682.45,4.18
12/13/2024,33.65,2662.55,4.25
12/14/2024,,,
12/15/2024,,,
12/16/2024,33.7,2654.96,4.25
12/17/2024,33.15,2638.41,4.26
12/18/2024,33.3,2638.92,4.4
12/19/2024,32.5,2588.3,4.43
12/20/2024,32.15,2627.53,4.37
12/21/2024,,,
12/22/2024,,,
12/23/2024,32.6,2609.08,4.44
12/24/2024,32.85,2613.8,4.43
12/25/2024,,2613.8,0
12/26/2024,,2634.85,4.42
12/27/2024,32.9,2616.84,4.45
12/28/2024,,,
12/29/2024,,,
12/30/2024,32.75,2600.43,4.37
12/31/2024,32.85,2625.35,4.38
1/1/2025,,2625.35,0
1/2/2025,32.8,2653.73,4.38
1/3/2025,33.1,2643.49,4.41
1/4/2025,,,
1/5/2025,,,
1/6/2025,33.05,2637.02,4.42
1/7/2025,32.8,2648.42,4.46
1/8/2025,32.35,2664.81,4.45
1/9/2025,32.2,2670.1,4.46
1/10/2025,32.1,2691.5,4.59
1/11/2025,,,
1/12/2025,,,
1/13/2025,31.4,2666.05,4.61
1/14/2025,31.5,2672.8,4.59
1/15/2025,31.3,2681.89,4.45
1/16/2025,32,2718.6,4.39
1/17/2025,32.45,2716.66,4.42
1/18/2025,,,
1/19/2025,,,
1/20/2025,32.9,2706.73,0
1/21/2025,32.8,2740.35,4.4
1/22/2025,32.3,2757.32,4.43
1/23/2025,31.9,2746.8,4.45
1/24/2025,32,2774.39,4.43
1/25/2025,,,
1/26/2025,,,
1/27/2025,32,2740.75,4.32
1/28/2025,32.1,2757.39,4.33
1/29/2025,,2753.86,4.35
1/30/2025,,2793.95,4.31
1/31/2025,,2809.79,4.36
2/1/2025,,,
2/2/2025,,,
2/3/2025,32.1,2819.61,4.35
2/4/2025,32.25,2837.6,4.31
2/5/2025,32,2869.28,4.24
2/6/2025,33.5,2852.62,4.28
2/7/2025,34.1,2871.62,4.34
2/8/2025,,,
2/9/2025,,,
2/10/2025,34.15,2908.25,4.34
2/11/2025,33.6,2905.5,4.37
2/12/2025,34.1,2894.06,4.48
2/13/2025,33.95,2920.07,4.39
2/14/2025,34.5,2900.3,4.33
2/15/2025,,,
2/16/2025,,,
2/17/2025,34.7,2900.51,0
2/18/2025,34.7,2928.19,4.4
2/19/2025,34.85,2928.12,4.37
2/20/2025,34.7,2937.98,4.34
2/21/2025,35.2,2931.45,4.26
2/22/2025,,,
2/23/2025,,,
2/24/2025,35.25,2942.88,4.23
2/25/2025,35.4,2899.31,4.12
2/26/2025,35.65,2913.48,4.06
2/27/2025,35.8,2875.43,4.09
2/28/2025,35.25,2851.34,4.03
3/1/2025,,,
3/2/2025,,,
3/3/2025,35,2887.34,3.97
3/4/2025,35,2909.56,4.01
3/5/2025,36.45,2923.42,4.08
3/6/2025,36.35,2914.26,4.06
3/7/2025,36.1,2916.24,4.09
3/8/2025,,,
3/9/2025,,,
3/10/2025,35.9,2905.5,3.98
3/11/2025,36.6,2916.16,4.03
3/12/2025,36.85,2933.92,4.09
3/13/2025,37.1,2978.85,4.02
3/14/2025,36.85,2988.4,4.09
3/15/2025,,,
3/16/2025,,,
3/17/2025,36.75,2997.16,4.11
3/18/2025,37.2,3033.2,4.07
3/19/2025,37.5,3034.63,4.03
3/20/2025,37.4,3042,4.01
3/21/2025,37.1,3014.5,4
3/22/2025,,,
3/23/2025,,,
3/24/2025,37.25,3013.02,4.09
3/25/2025,37.65,3024,4.07
3/26/2025,36.85,3017.5,4.08
3/27/2025,36.7,3052.5,4.09
3/28/2025,36.55,3083.97,3.98
3/29/2025,,,
3/30/2025,,,
3/31/2025,36.4,3125.25,3.96
4/1/2025,36.95,3131.35,3.91
4/2/2025,37,3125.82,3.95
4/3/2025,36.95,3111.16,3.75
4/4/2025,,3043.8,3.72
4/5/2025,,,
4/6/2025,,,
4/7/2025,34.2,2986.95,3.82
4/8/2025,33.8,3002.72,3.88
4/9/2025,33.25,3075.14,4.06
4/10/2025,33.7,3158.87,4.04
4/11/2025,33.3,3236.53,4.15
4/12/2025,,,
4/13/2025,,,
4/14/2025,34.05,3209.41,4.02
4/15/2025,34,3219.26,3.98
4/16/2025,34.35,3309.25,3.91
4/17/2025,34.95,3303.45,3.95
4/18/2025,,3303.45,0
4/19/2025,,,
4/20/2025,,,
4/21/2025,,3411.87,3.97
4/22/2025,34.9,3426,3.98
4/23/2025,35.75,3282.58,4
4/24/2025,35.6,3325.65,3.91
4/25/2025,35.7,3272.5,3.88
4/26/2025,,,
4/27/2025,,,
4/28/2025,35.8,3329.2,3.81
4/29/2025,35.95,3311.18,3.77
4/30/2025,36.35,3308.12,3.72
5/1/2025,,3218.14,3.81
5/2/2025,36.9,3263.31,3.92
5/3/2025,,,
5/4/2025,,,
5/5/2025,,3312.25,3.95
5/6/2025,37.45,3395.26,3.9
5/7/2025,39.95,3387.34,3.87
5/8/2025,39.6,3358.35,4
5/9/2025,40.5,3340.95,4
5/10/2025,,,
5/11/2025,,,
5/12/2025,41.15,3236.81,4.09
5/13/2025,41,3245.57,4.12
5/14/2025,40.45,3180.19,4.17
5/15/2025,39.8,3209.5,4.07
5/16/2025,39.85,3177.4,4.06
5/17/2025,,,
5/18/2025,,,
5/19/2025,40.2,3235.37,4.07
5/20/2025,40.95,3279.11,4.07
5/21/2025,40.95,3312.45,4.15
5/22/2025,40,3289.4,4.11
5/23/2025,40.1,3357.48,4.08
5/24/2025,,,
5/25/2025,,,
5/26/2025,40.85,3338.43,0
5/27/2025,40.9,3298.05,4.04
5/28/2025,41.2,3299.24,4.05
5/29/2025,41.2,3316.27,4
5/30/2025,41.65,3285.34,3.96
5/31/2025,,,
6/1/2025,,,
6/2/2025,41.15,3374.61,4.01
6/3/2025,41.45,3349.15,4.04
6/4/2025,40.9,3372.82,3.93
6/5/2025,41.3,3367.82,3.99
6/6/2025,41.75,3324.1,4.13
6/7/2025,,,
6/8/2025,,,
6/9/2025,41.9,3323.25,4.09
6/10/2025,41.9,3325.8,4.08
6/11/2025,42,3341.3,4.02
6/12/2025,42,3380.4,3.97
6/13/2025,42.05,3425.7,4.02
6/14/2025,,,
6/15/2025,,,
6/16/2025,42.05,3401.3,4.04
6/17/2025,42.2,3385.74,3.99
6/18/2025,41.15,3386.07,3.98
6/19/2025,41.05,3366.58,0
6/20/2025,41.55,3367.64,3.96
6/21/2025,,,
6/22/2025,,,
6/23/2025,42.8,3387.76,3.91
6/24/2025,42.9,3302.11,3.86
6/25/2025,43.65,3325.64,3.83
6/26/2025,42.55,3323.59,3.79
6/27/2025,42.5,3273.17,3.83
6/28/2025,,,
6/29/2025,,,
6/30/2025,41.9,3284.48,3.79
7/1/2025,,3342.58,3.84
7/2/2025,42.2,3342.79,3.87
7/3/2025,43.1,3327.54,3.94
7/4/2025,42.85,3332.78,0
7/5/2025,,,
7/6/2025,,,
7/7/2025,42.6,3318.75,3.96
7/8/2025,42.4,3292.62,3.99
7/9/2025,42.5,3307.8,3.92
7/10/2025,42.4,3318,3.93
7/11/2025,42.15,3365.1,3.99
7/12/2025,,,
7/13/2025,,,
7/14/2025,42.2,3348.28,3.98
7/15/2025,42.5,3346.04,4.05
7/16/2025,42.1,3348.5,3.99
7/17/2025,42.25,3333.4,4.01
7/18/2025,42.3,3352.8,3.96
7/19/2025,,,
7/20/2025,,,
7/21/2025,42.55,3397.15,3.91
7/22/2025,43.35,3428.34,3.88
7/23/2025,43.15,3415,3.94
7/24/2025,43.65,3371.4,3.98
7/25/2025,43.65,3332.37,3.95
7/26/2025,,,
7/27/2025,,,
7/28/2025,44.4,3309.9,3.96
7/29/2025,44.5,3329.96,3.9
7/30/2025,44.4,3300.8,3.96
7/31/2025,43.9,3296.03,3.96
8/1/2025,42.9,3349.28,3.77
8/2/2025,,,
8/3/2025,,,
8/4/2025,43.32,3374.1,3.75
8/5/2025,43.6,3385.74,3.77
8/6/2025,43.7,3378.14,3.77
8/7/2025,44.18,3389.6,3.79
8/8/2025,44,3391.61,3.84
8/9/2025,,,
8/10/2025,,,
8/11/2025,44.26,3346.22,3.83
8/12/2025,43.92,3343.95,3.83
8/13/2025,44.6,3358.35,3.77
8/14/2025,42.78,3337.18,3.82
8/15/2025,42.12,3342.57,3.85
8/16/2025,,,
8/17/2025,,,
8/18/2025,41.18,3334.65,3.86
8/19/2025,41.44,3323.3,3.82
8/20/2025,41.88,3342.86,3.81
8/21/2025,42.06,3338.8,3.86
8/22/2025,42.28,3376.4,3.76
8/23/2025,,,
8/24/2025,,,
8/25/2025,42.44,3375.48,3.8
8/26/2025,41.72,3381.54,3.75
8/27/2025,41.26,3389.49,3.69
8/28/2025,41.56,3411.68,3.69
8/29/2025,41.44,3441.44,3.68
8/30/2025,,,
8/31/2025,,,
9/1/2025,41.62,3478.56,0
9/2/2025,41.28,3511.86,3.74
9/3/2025,41.1,3563.05,3.69
9/4/2025,40.94,3547.05,3.65
9/5/2025,41.5,3584.8,3.59
9/6/2025,,,
9/7/2025,,,
9/8/2025,41.7,3645.61,3.57
9/9/2025,41.84,3635.56,3.61
9/10/2025,41.96,3648,3.59
9/11/2025,41.88,3631.57,3.59
9/12/2025,42.34,3644.31,3.63
9/13/2025,,,
9/14/2025,,,
9/15/2025,42.02,3665.17,3.61
9/16/2025,41.8,3684.37,3.59
9/17/2025,41.54,3685.71,3.62
9/18/2025,41.28,3639.65,3.67
9/19/2025,40.8,3672,3.68
9/20/2025,,,
9/21/2025,,,
9/22/2025,40.38,3725.35,3.71
9/23/2025,40.2,3779.06,3.68
9/24/2025,40.06,3754.11,3.7
9/25/2025,39.6,3734.9,3.75
9/26/2025,39.74,3774.7,3.76
9/27/2025,,,
9/28/2025,,,
9/29/2025,40.18,3824.2,3.74
9/30/2025,40,3833.93,3.74
10/1/2025,,3867.58,3.68
10/2/2025,40.26,3835.85,3.67
10/3/2025,40.6,3880.27,3.72
10/4/2025,,,
10/5/2025,,,
10/6/2025,40.5,3954.76,3.75
10/7/2025,,3986.98,3.71
10/8/2025,40.44,4039.47,3.72
10/9/2025,40.8,4026.03,3.74
10/10/2025,40.86,4006.9,3.65
10/11/2025,,,
10/12/2025,,,
10/13/2025,40.64,4097.05,0
10/14/2025,40.36,4141.25,3.6
10/15/2025,40.8,4198.35,3.63
10/16/2025,40.64,4269.82,3.55
10/17/2025,40.04,4242.5,3.59
10/18/2025,,,
10/19/2025,,,
10/20/2025,40.88,4346.5,3.58
10/21/2025,40.76,4142.53,3.56
10/22/2025,40.44,4039.2,3.56
10/23/2025,40.54,4144.2,3.61
10/24/2025,40.76,4121.36,3.61
10/25/2025,,,
10/26/2025,,,
10/27/2025,40.7,3993.63,3.61
10/28/2025,41.32,3963.87,3.6
10/29/2025,,3997.48,3.7
10/30/2025,41,,
10/31/2025,40.76,,
